#Feeder,Feeder ID,Type,Nozzle,X,Y,Angle,Footprint,Value,Pick height,Pick delay,Place Height,Place Delay,Vacuum detection,Threshold,Vision Alignment,Speed,Unnamed: 17,Unnamed: 18,Unnamed: 19,Unnamed: 20,Unnamed: 21,Unnamed: 22,Unnamed: 23,Unnamed: 24,Unnamed: 25,Unnamed: 26,Unnamed: 27,Unnamed: 28,Unnamed: 29
stack,1,0,1234,412.46,87.33,90,CAP0603,CAP0603/0.1UF,2.8,100,3,100,No,-40,2,100,4,50,30,No,Yes,-40,-40,-40,-40,-1,-1,0,0
stack,2,0,1234,411.54,101,90,CAP1206,CAP1206/0.1UF,2.2,100,2.6,100,No,-40,2,100,4,50,30,No,No,-40,-40,-40,-40,-1,-1,0,0
stack,3,0,1234,411.82,114.36,90,CAP0603,CAP0603/10UF,2.8,100,3,100,No,-40,2,100,4,50,30,No,No,-40,-40,-40,-40,-1,-1,0,0
stack,4,0,1234,412.48,127.77,90,LEDC1608X80N,LEDC1608X80N/LTST-S270KGKT,1.6,100,3,100,No,-40,2,100,4,50,30,No,No,-40,-40,-40,-40,-1,-1,0,0
stack,5,0,1234,412.36,140.94,90,RES0603,RES0603/10K,2.2,100,2.6,100,No,-40,2,100,4,50,30,No,No,-40,-40,-40,-40,-1,-1,0,0
stack,6,0,1234,412.28,154.15,90,CAP0805,CAP0805/22UF,2.2,100,3,100,No,-40,2,100,4,30,50,No,No,-40,-40,-40,-40,-1,-1,0,0
stack,7,0,1234,411.88,168.05,90,RES0603,RES0603/2.2K,2.2,100,2.6,100,No,-40,2,100,4,50,30,No,No,-40,-40,-40,-40,-1,-1,0,0
stack,8,0,1234,412.25,248.37,90,RES0603,RES0603/0 Ohm,2.2,100,2.6,100,No,-40,2,100,4,50,30,No,No,-40,-40,-40,-40,-1,-1,0,0
stack,9,0,1234,412.38,261.94,90,RES0603,RES0603/100 Ohm,2.2,100,2.6,100,No,-40,2,100,4,50,30,No,No,-40,-40,-40,-40,-1,-1,0,0
stack,10,0,1234,411.93,275.46,90,CAP1210,CAP1210/47UF,2.2,100,2.6,100,No,-40,2,80,4,50,30,No,No,-40,-40,-40,-40,-1,-1,0,0
stack,11,0,1234,411.82,289.15,90,RES0402,RES0402/0,2.1,100,2.7,100,No,-40,2,100,2,30,50,No,No,-40,-40,-40,-40,-1,-1,0,0
stack,12,0,1234,412.02,302.95,90,RES0603,RES0603/4.99K,2.2,100,2.6,100,No,-40,2,100,4,50,30,No,No,-40,-40,-40,-40,-1,-1,0,0
stack,13,0,1234,411.8,316.29,90,CAP1206,CAP1206/4.7UF,2.2,100,2.6,100,No,-40,2,100,4,50,30,No,No,-40,-40,-40,-40,-1,-1,0,0
stack,14,0,1234,411.42,329.37,90,RES1206,RES1206/0.005,2.2,100,2.3,100,No,-40,2,100,4,50,30,No,No,-40,-40,-40,-40,-1,-1,0,0
stack,15,0,1234,411.54,343.49,90,RES0603,RES0603/10M,2.2,100,2.6,100,No,-40,2,100,4,50,30,No,No,-40,-40,-40,-40,-1,-1,0,0
stack,16,0,1234,411.84,360.53,90,CAP1210,CAP1210/2.2UF,2.2,100,2.6,100,No,-40,2,80,4,50,30,No,No,-40,-40,-40,-40,-1,-1,0,0
stack,17,0,34,412.09,379.74,90,SMD2410,SMD2410/2A,2.2,500,4,100,No,-40,2,80,4,50,30,No,No,-40,-40,-40,-40,-1,-1,0,0
stack,20,0,12,24.6,21.12,90,CAP0603,CAP0603/0.01UF,2.8,100,3,100,No,-40,2,100,4,50,30,No,No,-40,-40,-40,-40,-1,-1,0,0
stack,21,0,1234,25.43,34.21,-90,SOT95P230X110-3N,SOT95P230X110-3N/BSS138K,2.2,100,3.7,100,No,-40,2,100,4,50,50,No,No,-40,-40,-40,-40,-1,-1,0,0
stack,22,0,1234,25.28,47.73,-90,RES0603,RES0603/1K,2.2,100,2.6,100,No,-40,2,100,4,50,30,No,No,-40,-40,-40,-40,-1,-1,0,0
stack,23,0,1234,25.1,61.26,-90,RES0603,RES0603/4.7K,2.2,100,2.6,100,No,-40,2,100,4,50,30,No,No,-40,-40,-40,-40,-1,-1,0,0
stack,24,0,1234,25.59,74.81,-90,RES0603,RES0603/1.78K,2.2,100,2.6,100,No,-40,2,100,4,50,30,No,No,-40,-40,-40,-40,-1,-1,0,0
stack,25,0,1234,24.87,88.45,-90,RES0603,RES0603/41.2 kOhm,2.2,100,2.6,100,No,-40,2,100,4,50,30,No,No,-40,-40,-40,-40,-1,-1,0,0
stack,26,0,1234,25,101.79,-90,CAP1206,CAP1206/22UF,2.2,100,2.6,100,No,-40,2,100,4,50,30,No,No,-40,-40,-40,-40,-1,-1,0,0
stack,27,0,1234,24.99,114.92,-90,6-WSON_2X2,6-WSON_2X2/TMP117NAIDRVR,1.5,300,2.6,100,No,-40,2,90,4,50,60,No,No,-40,-40,-40,-40,-1,-1,0,0
stack,28,0,1234,25.26,128.74,-90,CAP1206,CAP1206/47UF,2.2,100,2.6,100,No,-40,2,100,4,50,30,No,No,-40,-40,-40,-40,-1,-1,0,0
stack,29,0,1234,25.38,142.16,-90,RES0603,RES0603/24.9 Ohm,2.2,100,2.6,100,No,-40,2,100,4,50,30,No,No,-40,-40,-40,-40,-1,-1,0,0
stack,30,0,1234,25.26,155.56,-90,CAP0603,CAP0603/1UF,2.8,100,3,100,No,-40,2,100,4,50,30,No,No,-40,-40,-40,-40,-1,-1,0,0
stack,31,0,1234,25.05,169.33,-90,SOP50P310X90-8N,SOP50P310X90-8N/TXS0102DCUR,1.5,300,2.6,100,No,-40,2,90,4,50,60,No,No,-40,-40,-40,-40,-1,-1,0,0
stack,32,0,1234,25.44,182.29,-90,LEDC1608X80N,LEDC1608X80N/LTST-S270KRKT,1.6,100,3,100,No,-40,2,100,4,50,30,No,No,-40,-40,-40,-40,-1,-1,0,0
stack,33,0,1234,25.72,199.13,-90,QFN12,QFN12/LTC2945HUD,1.5,300,2.6,100,No,-40,2,90,8,50,60,No,No,-40,-40,-40,-40,-1,-1,0,0
stack,34,0,1234,25.58,218.28,-90,RES0603,RES0603/130 Ohm,2.2,100,2.6,100,No,-40,2,100,4,50,30,No,No,-40,-40,-40,-40,-1,-1,0,0
stack,35,0,1234,25.5,235.33,-90,RES0603,RES0603/174 Ohm,2.2,100,2.6,100,No,-40,2,100,4,50,30,No,No,-40,-40,-40,-40,-1,-1,0,0
stack,36,0,1234,25.46,252.66,-90,RES0805,RES0805/0.02,2.3,100,2.6,100,No,-40,2,100,4,50,30,No,No,-40,-40,-40,-40,-1,-1,0,0
stack,38,0,1234,25.3,270.14,-90,RES0603,RES0603/249 Ohm,2.2,100,2.6,100,No,-40,2,100,4,50,30,No,No,-40,-40,-40,-40,-1,-1,0,0
stack,39,0,34,25.6,286.56,-90,CAP2312,CAP2312/150UF,1.8,100,4.2,100,No,-40,2,80,8,50,30,No,No,-40,-40,-40,-40,-1,-1,0,0
stack,40,0,1234,25.57,305.35,-90,RES0603,RES0603/499 Ohm,2.2,100,2.6,100,No,-40,2,100,4,50,30,No,No,-40,-40,-40,-40,-1,-1,0,0
stack,41,0,1234,25.27,323.01,-90,CAP0603,CAP0603/15PF,2.8,100,3,100,No,-40,2,100,4,50,30,No,No,-40,-40,-40,-40,-1,-1,0,0
stack,42,0,1234,25.45,340.2,-90,CAP1206,CAP1206/100UF,2.2,100,2.6,100,No,-40,2,100,4,50,30,No,No,-40,-40,-40,-40,-1,-1,0,0
stack,43,0,34,25.37,358.27,-90,DIO-214AB,DIO-214AB/SMCJ12CA-E3/57T,1.5,400,4,100,No,-40,2,80,8,50,80,No,No,-40,-40,-40,-40,-1,-1,0,0
stack,45,0,34,25.76,380.09,-90,CAP2917,CAP2917/150UF,2.2,500,6,100,No,-40,1,60,8,50,80,No,No,-40,-40,-40,-40,-1,-1,0,0
pcb,Manual,Trace,100,100,208.74,200,Front,10,10,0,,,,,,,,,,,,,,,,,,,
mark,Whole,Auto,113.316,43.4062,339.933,43.7869,113.419,198.859,339.989,199.274,,,,,,,,,,,,,,,,,,,
markext,0,0.8,3,1,0,,,,,,,,,,,,,,,,,,,,,,,,
markext,1,0.8,3,1,0,,,,,,,,,,,,,,,,,,,,,,,,
markext,2,0.8,3,1,0,,,,,,,,,,,,,,,,,,,,,,,,
markext,3,0.8,3,1,0,,,,,,,,,,,,,,,,,,,,,,,,
test,No,,,,,,,,,,,,,,,,,,,,,,,,,,,,
mirror_create,1,1,116.35,70.89,0,0,0,0,0.012248,,,,,,,,,,,,,,,,,,,,
mirror,116.35,70.89,0,No,,,,,,,,,,,,,,,,,,,,,,,,,
#SMD,Feeder ID,Nozzle,Name,Value,Footprint,X,Y,Rotation,Skip,,,,,,,,,,,,,,,,,,,,
comp,11,1,RT131,0,RES0402,116.39,70.63,-90,Yes,,,,,,,,,,,,,,,,,,,,
comp,11,3,RT132,0,RES0402,117.23,70.68,-90,Yes,,,,,,,,,,,,,,,,,,,,
comp,11,4,RT84,0,RES0402,116.4,115.87,-90,Yes,,,,,,,,,,,,,,,,,,,,
comp,11,1,RT25,0,RES0402,117.43,160.37,-90,Yes,,,,,,,,,,,,,,,,,,,,
comp,11,3,RT26,0,RES0402,166.37,160.47,-90,Yes,,,,,,,,,,,,,,,,,,,,
comp,11,4,RT44,0,RES0402,215.49,139.64,0,Yes,,,,,,,,,,,,,,,,,,,,
comp,8,1,RT122,0 Ohm,RES0603,143.69,80.14,-90,Yes,,,,,,,,,,,,,,,,,,,,
comp,8,3,RT125,0 Ohm,RES0603,145.56,80.14,-90,Yes,,,,,,,,,,,,,,,,,,,,
comp,8,4,RT65,0 Ohm,RES0603,143.75,125.34,-90,Yes,,,,,,,,,,,,,,,,,,,,
comp,8,1,RT69,0 Ohm,RES0603,145.6,125.14,-90,Yes,,,,,,,,,,,,,,,,,,,,
comp,8,3,RT124,0 Ohm,RES0603,193.87,80.23,-90,Yes,,,,,,,,,,,,,,,,,,,,
comp,8,4,RT120,0 Ohm,RES0603,195.64,80.29,-90,Yes,,,,,,,,,,,,,,,,,,,,
comp,8,1,RT67,0 Ohm,RES0603,193.68,125.4,-90,Yes,,,,,,,,,,,,,,,,,,,,
comp,8,3,RT68,0 Ohm,RES0603,195.63,125.29,-90,Yes,,,,,,,,,,,,,,,,,,,,
comp,8,4,RT23,0 Ohm,RES0603,112.73,162.57,180,Yes,,,,,,,,,,,,,,,,,,,,
comp,8,1,RT19,0 Ohm,RES0603,143.87,169.84,-90,Yes,,,,,,,,,,,,,,,,,,,,
comp,8,3,RT17,0 Ohm,RES0603,145.5,169.87,-90,Yes,,,,,,,,,,,,,,,,,,,,
comp,8,2,RT142,0 Ohm,RES0603,254.11,64.73,90,Yes,,,,,,,,,,,,,,,,,,,,
comp,8,2,RT143,0 Ohm,RES0603,255.5,64.73,90,Yes,,,,,,,,,,,,,,,,,,,,
comp,8,2,RT144,0 Ohm,RES0603,256.93,64.73,90,Yes,,,,,,,,,,,,,,,,,,,,
comp,8,4,RT21,0 Ohm,RES0603,193.72,169.93,-90,Yes,,,,,,,,,,,,,,,,,,,,
comp,8,1,RT16,0 Ohm,RES0603,195.34,170,-90,Yes,,,,,,,,,,,,,,,,,,,,
comp,8,3,RT114,0 Ohm,RES0603,265.75,87.99,-90,Yes,,,,,,,,,,,,,,,,,,,,
comp,8,4,RT102,0 Ohm,RES0603,264.02,100.52,-90,Yes,,,,,,,,,,,,,,,,,,,,
comp,8,1,RT115,0 Ohm,RES0603,268.84,88,-90,Yes,,,,,,,,,,,,,,,,,,,,
comp,8,3,RT104,0 Ohm,RES0603,270.94,100.54,-90,Yes,,,,,,,,,,,,,,,,,,,,
comp,8,4,RT39,0 Ohm,RES0603,244.71,150.88,-90,Yes,,,,,,,,,,,,,,,,,,,,
comp,8,1,RT37,0 Ohm,RES0603,246.43,150.96,-90,Yes,,,,,,,,,,,,,,,,,,,,
comp,8,3,RT96,0 Ohm,RES0603,307.01,107.9,-90,Yes,,,,,,,,,,,,,,,,,,,,
comp,8,4,RT35,0 Ohm,RES0603,315.37,155.11,-90,Yes,,,,,,,,,,,,,,,,,,,,
comp,8,1,RT45,0 Ohm,RES0603,327.15,139.27,180,Yes,,,,,,,,,,,,,,,,,,,,
comp,8,3,RT72,0 Ohm,RES0603,341.41,123.59,180,Yes,,,,,,,,,,,,,,,,,,,,
comp,8,4,RT58,0 Ohm,RES0603,341.4,132.65,180,Yes,,,,,,,,,,,,,,,,,,,,
comp,8,1,RT43,0 Ohm,RES0603,341.42,139.93,180,Yes,,,,,,,,,,,,,,,,,,,,
comp,8,3,RT22,0 Ohm,RES0603,339.65,166.14,0,Yes,,,,,,,,,,,,,,,,,,,,
comp,14,1,RT136,0.005,RES1206,122.54,66.6,-90,Yes,,,,,,,,,,,,,,,,,,,,
comp,14,3,RT137,0.005,RES1206,172.7,66.69,-90,Yes,,,,,,,,,,,,,,,,,,,,
comp,14,4,RT89,0.005,RES1206,122.58,111.81,-90,Yes,,,,,,,,,,,,,,,,,,,,
comp,14,1,RT90,0.005,RES1206,172.52,111.87,-90,Yes,,,,,,,,,,,,,,,,,,,,
comp,14,3,RT29,0.005,RES1206,122.71,156.31,-90,Yes,,,,,,,,,,,,,,,,,,,,
comp,14,4,RT30,0.005,RES1206,172.55,156.4,-90,Yes,,,,,,,,,,,,,,,,,,,,
comp,14,1,RT49,0.005,RES1206,223.55,137.33,-90,Yes,,,,,,,,,,,,,,,,,,,,
comp,14,3,RT8,0.005,RES1206,250.9,181.9,-90,Yes,,,,,,,,,,,,,,,,,,,,
comp,14,4,RT9,0.005,RES1206,259.32,181.92,-90,Yes,,,,,,,,,,,,,,,,,,,,
comp,1,1,CT57,0.01UF,CAP0603,283.36,132.44,90,Yes,,,,,,,,,,,,,,,,,,,,
comp,1,1,CT56,0.01UF,CAP0603,284.99,132.46,90,Yes,,,,,,,,,,,,,,,,,,,,
comp,1,1,CT140,0.01UF,CAP0603,332.21,63.87,180,Yes,,,,,,,,,,,,,,,,,,,,
comp,1,1,CT137,0.01UF,CAP0603,332.21,65.6,180,Yes,,,,,,,,,,,,,,,,,,,,
comp,1,1,CT118,0.01UF,CAP0603,337.97,75.04,-90,Yes,,,,,,,,,,,,,,,,,,,,
comp,1,1,CT141,0.01UF,CAP0603,340.88,63.68,90,Yes,,,,,,,,,,,,,,,,,,,,
comp,1,1,CT119,0.01UF,CAP0603,339.71,75.04,-90,Yes,,,,,,,,,,,,,,,,,,,,
comp,1,1,CT105,0.01UF,CAP0603,339.91,83.71,180,Yes,,,,,,,,,,,,,,,,,,,,
comp,36,1,RT88,0.02,RES0805,238.89,113.19,180,Yes,,,,,,,,,,,,,,,,,,,,
comp,36,3,RT63,0.02,RES0805,239.28,125.86,180,Yes,,,,,,,,,,,,,,,,,,,,
comp,2,1,CT122,0.1UF,CAP1206,159.55,70.6,0,Yes,,,,,,,,,,,,,,,,,,,,
comp,2,3,CT114,0.1UF,CAP1206,159.55,79.07,0,Yes,,,,,,,,,,,,,,,,,,,,
comp,2,4,CT78,0.1UF,CAP1206,159.6,115.8,0,Yes,,,,,,,,,,,,,,,,,,,,
comp,2,1,CT66,0.1UF,CAP1206,159.62,124.27,0,Yes,,,,,,,,,,,,,,,,,,,,
comp,2,3,CT123,0.1UF,CAP1206,209.71,70.68,0,Yes,,,,,,,,,,,,,,,,,,,,
comp,2,4,CT115,0.1UF,CAP1206,209.73,79.16,0,Yes,,,,,,,,,,,,,,,,,,,,
comp,1,1,CT155,0.1UF,CAP0603,226.49,54.67,180,Yes,,,,,,,,,,,,,,,,,,,,
comp,1,3,CT150,0.1UF,CAP0603,226.49,56.22,180,Yes,,,,,,,,,,,,,,,,,,,,
comp,1,4,CT148,0.1UF,CAP0603,226.49,58,180,Yes,,,,,,,,,,,,,,,,,,,,
comp,1,1,CT147,0.1UF,CAP0603,226.49,59.52,180,Yes,,,,,,,,,,,,,,,,,,,,
comp,1,3,CT145,0.1UF,CAP0603,226.49,61.21,180,Yes,,,,,,,,,,,,,,,,,,,,
comp,1,4,CT142,0.1UF,CAP0603,226.49,62.72,180,Yes,,,,,,,,,,,,,,,,,,,,
comp,1,1,CT158,0.1UF,CAP0603,228.95,51.72,-90,Yes,,,,,,,,,,,,,,,,,,,,
comp,1,2,CT135,0.1UF,CAP0603,228.07,66.49,90,Yes,,,,,,,,,,,,,,,,,,,,
comp,1,3,CT159,0.1UF,CAP0603,230.47,51.72,-90,Yes,,,,,,,,,,,,,,,,,,,,
comp,1,2,CT136,0.1UF,CAP0603,229.59,66.49,90,Yes,,,,,,,,,,,,,,,,,,,,
comp,1,4,CT160,0.1UF,CAP0603,232.37,51.72,-90,Yes,,,,,,,,,,,,,,,,,,,,
comp,2,1,CT79,0.1UF,CAP1206,209.55,115.87,0,Yes,,,,,,,,,,,,,,,,,,,,
comp,1,1,CT161,0.1UF,CAP0603,233.89,51.73,-90,Yes,,,,,,,,,,,,,,,,,,,,
comp,1,3,CT162,0.1UF,CAP0603,235.79,51.73,-90,Yes,,,,,,,,,,,,,,,,,,,,
comp,1,4,CT163,0.1UF,CAP0603,237.3,51.73,-90,Yes,,,,,,,,,,,,,,,,,,,,
comp,2,3,CT27,0.1UF,CAP1206,159.73,160.3,0,Yes,,,,,,,,,,,,,,,,,,,,
comp,2,4,CT67,0.1UF,CAP1206,209.55,124.34,0,Yes,,,,,,,,,,,,,,,,,,,,
comp,1,1,CT151,0.1UF,CAP0603,239.94,56.01,0,Yes,,,,,,,,,,,,,,,,,,,,
comp,1,3,CT149,0.1UF,CAP0603,239.93,57.53,0,Yes,,,,,,,,,,,,,,,,,,,,
comp,1,4,CT146,0.1UF,CAP0603,241.34,60.55,180,Yes,,,,,,,,,,,,,,,,,,,,
comp,1,1,CT143,0.1UF,CAP0603,241.33,62.09,180,Yes,,,,,,,,,,,,,,,,,,,,
comp,2,1,CT19,0.1UF,CAP1206,159.72,168.78,0,Yes,,,,,,,,,,,,,,,,,,,,
comp,1,3,CT144,0.1UF,CAP0603,249.33,62.11,180,Yes,,,,,,,,,,,,,,,,,,,,
comp,1,4,CT87,0.1UF,CAP0603,234.65,110.26,180,Yes,,,,,,,,,,,,,,,,,,,,
comp,1,1,CT83,0.1UF,CAP0603,234.65,111.86,180,Yes,,,,,,,,,,,,,,,,,,,,
comp,1,3,CT156,0.1UF,CAP0603,253.48,54.26,0,Yes,,,,,,,,,,,,,,,,,,,,
comp,1,4,CT157,0.1UF,CAP0603,257.51,54.26,180,Yes,,,,,,,,,,,,,,,,,,,,
comp,1,1,CT69,0.1UF,CAP0603,235.04,122.93,180,Yes,,,,,,,,,,,,,,,,,,,,
comp,1,3,CT65,0.1UF,CAP0603,235.05,124.53,180,Yes,,,,,,,,,,,,,,,,,,,,
comp,2,3,CT28,0.1UF,CAP1206,209.57,160.39,0,Yes,,,,,,,,,,,,,,,,,,,,
comp,1,4,CT108,0.1UF,CAP0603,265.55,81.77,180,Yes,,,,,,,,,,,,,,,,,,,,
comp,1,1,CT124,0.1UF,CAP0603,268.76,67.7,180,Yes,,,,,,,,,,,,,,,,,,,,
comp,2,4,CT20,0.1UF,CAP1206,209.57,168.87,0,Yes,,,,,,,,,,,,,,,,,,,,
comp,1,3,CT98,0.1UF,CAP0603,265.48,94.23,180,Yes,,,,,,,,,,,,,,,,,,,,
comp,1,4,CT109,0.1UF,CAP0603,269.12,81.78,0,Yes,,,,,,,,,,,,,,,,,,,,
comp,1,1,CT153,0.1UF,CAP0603,274.59,54.84,0,Yes,,,,,,,,,,,,,,,,,,,,
comp,1,3,CT97,0.1UF,CAP0603,269.02,94.27,0,Yes,,,,,,,,,,,,,,,,,,,,
comp,1,4,CT154,0.1UF,CAP0603,278.74,54.85,180,Yes,,,,,,,,,,,,,,,,,,,,
comp,2,1,CT48,0.1UF,CAP1206,260.56,141.33,0,Yes,,,,,,,,,,,,,,,,,,,,
comp,2,2,CT5,0.1UF,CAP1206,224.07,185.41,90,Yes,,,,,,,,,,,,,,,,,,,,
comp,2,3,CT38,0.1UF,CAP1206,260.56,149.8,0,Yes,,,,,,,,,,,,,,,,,,,,
comp,1,1,CT126,0.1UF,CAP0603,294.92,67.18,-90,Yes,,,,,,,,,,,,,,,,,,,,
comp,1,2,CT110,0.1UF,CAP0603,294.21,79.74,90,Yes,,,,,,,,,,,,,,,,,,,,
comp,1,3,CT127,0.1UF,CAP0603,298.01,67.19,-90,Yes,,,,,,,,,,,,,,,,,,,,
comp,1,4,CT10,0.1UF,CAP0603,243.67,181.16,180,Yes,,,,,,,,,,,,,,,,,,,,
comp,1,1,CT9,0.1UF,CAP0603,243.66,182.76,180,Yes,,,,,,,,,,,,,,,,,,,,
comp,1,3,CT128,0.1UF,CAP0603,302.95,67.2,-90,Yes,,,,,,,,,,,,,,,,,,,,
comp,1,2,CT167,0.1UF,CAP0603,304.58,46.13,90,Yes,,,,,,,,,,,,,,,,,,,,
comp,1,4,CT129,0.1UF,CAP0603,308.01,67.2,-90,Yes,,,,,,,,,,,,,,,,,,,,
comp,1,1,CT44,0.1UF,CAP0603,282.41,147.66,-90,Yes,,,,,,,,,,,,,,,,,,,,
comp,1,3,CT130,0.1UF,CAP0603,311.05,67.21,-90,Yes,,,,,,,,,,,,,,,,,,,,
comp,1,4,CT131,0.1UF,CAP0603,314.1,67.21,-90,Yes,,,,,,,,,,,,,,,,,,,,
comp,1,1,CT164,0.1UF,CAP0603,315.7,51.51,0,Yes,,,,,,,,,,,,,,,,,,,,
comp,1,2,CT111,0.1UF,CAP0603,313.09,79.78,90,Yes,,,,,,,,,,,,,,,,,,,,
comp,1,3,CT132,0.1UF,CAP0603,316.89,67.23,-90,Yes,,,,,,,,,,,,,,,,,,,,
comp,1,2,CT35,0.1UF,CAP0603,290.48,153.03,90,Yes,,,,,,,,,,,,,,,,,,,,
comp,1,2,CT133,0.1UF,CAP0603,322.71,67.11,90,Yes,,,,,,,,,,,,,,,,,,,,
comp,1,2,CT134,0.1UF,CAP0603,324.28,67.12,90,Yes,,,,,,,,,,,,,,,,,,,,
comp,1,2,CT112,0.1UF,CAP0603,323.11,79.81,90,Yes,,,,,,,,,,,,,,,,,,,,
comp,1,4,CT166,0.1UF,CAP0603,327.68,51.54,0,Yes,,,,,,,,,,,,,,,,,,,,
comp,1,2,CT113,0.1UF,CAP0603,324.85,79.81,90,Yes,,,,,,,,,,,,,,,,,,,,
comp,1,1,CT89,0.1UF,CAP0603,320.73,109.71,-90,Yes,,,,,,,,,,,,,,,,,,,,
comp,1,3,CT152,0.1UF,CAP0603,335.83,55.35,-90,Yes,,,,,,,,,,,,,,,,,,,,
comp,1,4,CT88,0.1UF,CAP0603,328.81,110.02,-90,Yes,,,,,,,,,,,,,,,,,,,,
comp,1,2,CT59,0.1UF,CAP0603,323.85,128.98,90,Yes,,,,,,,,,,,,,,,,,,,,
comp,1,2,CT31,0.1UF,CAP0603,321.86,155.11,90,Yes,,,,,,,,,,,,,,,,,,,,
comp,24,1,RT117,1.78K,RES0603,135.43,84.67,0,Yes,,,,,,,,,,,,,,,,,,,,
comp,24,3,RT118,1.78K,RES0603,185.61,84.75,0,Yes,,,,,,,,,,,,,,,,,,,,
comp,24,4,RT61,1.78K,RES0603,135.49,129.86,0,Yes,,,,,,,,,,,,,,,,,,,,
comp,24,1,RT62,1.78K,RES0603,185.43,129.93,0,Yes,,,,,,,,,,,,,,,,,,,,
comp,24,3,RT14,1.78K,RES0603,135.63,174.38,0,Yes,,,,,,,,,,,,,,,,,,,,
comp,24,4,RT15,1.78K,RES0603,185.46,174.45,0,Yes,,,,,,,,,,,,,,,,,,,,
comp,24,1,RT34,1.78K,RES0603,236.45,155.39,0,Yes,,,,,,,,,,,,,,,,,,,,
comp,9,1,RT145,100 Ohm,RES0603,234.4,64.44,0,Yes,,,,,,,,,,,,,,,,,,,,
comp,9,2,RT147,100 Ohm,RES0603,238.95,61.33,90,Yes,,,,,,,,,,,,,,,,,,,,
comp,9,3,RT150,100 Ohm,RES0603,242.38,56.79,90,Yes,,,,,,,,,,,,,,,,,,,,
comp,9,4,RT135,100 Ohm,RES0603,248.69,68.32,-45,Yes,,,,,,,,,,,,,,,,,,,,
comp,9,1,RT129,100 Ohm,RES0603,249.76,71.56,90,Yes,,,,,,,,,,,,,,,,,,,,
comp,9,3,RT141,100 Ohm,RES0603,251.36,65.2,0,Yes,,,,,,,,,,,,,,,,,,,,
comp,9,4,RT128,100 Ohm,RES0603,250.63,75.2,45,Yes,,,,,,,,,,,,,,,,,,,,
comp,9,1,RT126,100 Ohm,RES0603,253.12,77.48,180,Yes,,,,,,,,,,,,,,,,,,,,
comp,9,3,RT127,100 Ohm,RES0603,258.91,76.11,135,Yes,,,,,,,,,,,,,,,,,,,,
comp,9,2,RT130,100 Ohm,RES0603,260.4,71.01,90,Yes,,,,,,,,,,,,,,,,,,,,
comp,42,1,CT96,100UF,CAP1206,325.79,97.29,90,Yes,,,,,,,,,,,,,,,,,,,,
comp,5,1,RT110,10K,RES0603,133.21,88.7,180,Yes,,,,,,,,,,,,,,,,,,,,
comp,5,3,RT111,10K,RES0603,183.39,88.78,180,Yes,,,,,,,,,,,,,,,,,,,,
comp,5,4,RT54,10K,RES0603,133.27,133.89,180,Yes,,,,,,,,,,,,,,,,,,,,
comp,5,1,RT55,10K,RES0603,183.2,133.96,180,Yes,,,,,,,,,,,,,,,,,,,,
comp,5,3,RT12,10K,RES0603,133.39,178.41,180,Yes,,,,,,,,,,,,,,,,,,,,
comp,5,4,RT148,10K,RES0603,249.41,60.47,180,Yes,,,,,,,,,,,,,,,,,,,,
comp,5,1,RT149,10K,RES0603,261.31,60.41,180,Yes,,,,,,,,,,,,,,,,,,,,
comp,5,3,RT146,10K,RES0603,261.78,63.95,0,Yes,,,,,,,,,,,,,,,,,,,,
comp,5,4,RT140,10K,RES0603,261.77,65.49,0,Yes,,,,,,,,,,,,,,,,,,,,
comp,5,1,RT13,10K,RES0603,183.23,178.48,180,Yes,,,,,,,,,,,,,,,,,,,,
comp,5,3,RT119,10K,RES0603,271.45,84.22,180,Yes,,,,,,,,,,,,,,,,,,,,
comp,5,4,RT103,10K,RES0603,269.46,100.54,-90,Yes,,,,,,,,,,,,,,,,,,,,
comp,5,2,RT116,10K,RES0603,274.01,87.07,90,Yes,,,,,,,,,,,,,,,,,,,,
comp,5,1,RT5,10K,RES0603,208.53,191.29,-90,Yes,,,,,,,,,,,,,,,,,,,,
comp,5,3,RT107,10K,RES0603,306.47,92.33,-90,Yes,,,,,,,,,,,,,,,,,,,,
comp,5,4,RT31,10K,RES0603,283.69,156.37,-90,Yes,,,,,,,,,,,,,,,,,,,,
comp,5,1,RT101,10K,RES0603,312.7,100.87,0,Yes,,,,,,,,,,,,,,,,,,,,
comp,5,3,RT36,10K,RES0603,292.09,152.93,-90,Yes,,,,,,,,,,,,,,,,,,,,
comp,5,4,RT40,10K,RES0603,330.54,145.5,-90,Yes,,,,,,,,,,,,,,,,,,,,
comp,15,1,RT7,10M,RES0603,339.99,188.06,-90,Yes,,,,,,,,,,,,,,,,,,,,
comp,3,1,CT125,10UF,CAP0603,239.51,67.19,90,Yes,,,,,,,,,,,,,,,,,,,,
comp,3,3,CT45,10UF,CAP0603,284.1,147.67,-90,Yes,,,,,,,,,,,,,,,,,,,,
comp,3,2,CT39,10UF,CAP0603,288.53,149.65,90,Yes,,,,,,,,,,,,,,,,,,,,
comp,3,4,CT71,10UF,CAP0603,328.73,120.84,90,Yes,,,,,,,,,,,,,,,,,,,,
comp,3,1,CT60,10UF,CAP0603,340.9,128.91,90,Yes,,,,,,,,,,,,,,,,,,,,
comp,34,1,RT47,130 Ohm,RES0603,280.6,139.03,-90,Yes,,,,,,,,,,,,,,,,,,,,
comp,34,3,RT42,130 Ohm,RES0603,280.61,142.16,90,Yes,,,,,,,,,,,,,,,,,,,,
comp,45,3,CT116,150UF,CAP2917,147.77,75.27,0,No,,,,,,,,,,,,,,,,,,,,
comp,45,4,CT103,150UF,CAP2917,157.58,89.6,-90,No,,,,,,,,,,,,,,,,,,,,
comp,45,3,CT72,150UF,CAP2917,147.8,120.49,0,No,,,,,,,,,,,,,,,,,,,,
comp,45,4,CT117,150UF,CAP2917,197.97,75.36,0,No,,,,,,,,,,,,,,,,,,,,
comp,45,3,CT54,150UF,CAP2917,157.64,134.8,-90,No,,,,,,,,,,,,,,,,,,,,
comp,45,4,CT104,150UF,CAP2917,207.75,89.68,-90,No,,,,,,,,,,,,,,,,,,,,
comp,45,3,CT73,150UF,CAP2917,197.82,120.54,0,No,,,,,,,,,,,,,,,,,,,,
comp,45,4,CT21,150UF,CAP2917,147.88,165.07,0,No,,,,,,,,,,,,,,,,,,,,
comp,45,3,CT55,150UF,CAP2917,207.58,134.86,-90,No,,,,,,,,,,,,,,,,,,,,
comp,39,4,CT84,150UF,CAP2312,227.21,111.61,90,No,,,,,,,,,,,,,,,,,,,,
comp,45,4,CT13,150UF,CAP2917,157.77,179.3,-90,No,,,,,,,,,,,,,,,,,,,,
comp,39,3,CT58,150UF,CAP2312,228.23,129.62,0,No,,,,,,,,,,,,,,,,,,,,
comp,45,3,CT22,150UF,CAP2917,197.66,165.11,0,No,,,,,,,,,,,,,,,,,,,,
comp,39,4,CT81,150UF,CAP2312,243.04,115.69,-90,No,,,,,,,,,,,,,,,,,,,,
comp,39,4,CT70,150UF,CAP2312,246.84,122.71,90,No,,,,,,,,,,,,,,,,,,,,
comp,45,3,CT14,150UF,CAP2917,207.6,179.39,-90,No,,,,,,,,,,,,,,,,,,,,
comp,45,4,CT46,150UF,CAP2917,247.91,145.86,0,No,,,,,,,,,,,,,,,,,,,,
comp,45,3,CT29,150UF,CAP2917,258.14,159.95,-90,No,,,,,,,,,,,,,,,,,,,,
comp,41,1,CT32,15PF,CAP0603,313.72,155.01,90,Yes,,,,,,,,,,,,,,,,,,,,
comp,41,2,CT33,15PF,CAP0603,319.42,155.01,-90,Yes,,,,,,,,,,,,,,,,,,,,
comp,35,1,RT57,174 Ohm,RES0603,281.04,133.3,0,Yes,,,,,,,,,,,,,,,,,,,,
comp,35,3,RT56,174 Ohm,RES0603,287.32,133.32,180,Yes,,,,,,,,,,,,,,,,,,,,
comp,22,1,RT1,1K,RES0603,159.71,196.96,-90,Yes,,,,,,,,,,,,,,,,,,,,
comp,22,2,RT2,1K,RES0603,165.23,196.98,-90,Yes,,,,,,,,,,,,,,,,,,,,
comp,22,3,RT3,1K,RES0603,176.28,197,-90,Yes,,,,,,,,,,,,,,,,,,,,
comp,30,3,CT165,1UF,CAP0603,323.85,51.51,0,Yes,,,,,,,,,,,,,,,,,,,,
comp,7,4,RT73,2.2K,RES0603,301.05,122.65,-90,Yes,,,,,,,,,,,,,,,,,,,,
comp,7,3,RT74,2.2K,RES0603,302.6,122.66,-90,Yes,,,,,,,,,,,,,,,,,,,,
comp,16,4,CT90,2.2UF,CAP1210,135.91,103.9,0,No,,,,,,,,,,,,,,,,,,,,
comp,16,3,CT91,2.2UF,CAP1210,186.08,103.99,0,No,,,,,,,,,,,,,,,,,,,,
comp,16,4,CT40,2.2UF,CAP1210,135.96,149.09,0,No,,,,,,,,,,,,,,,,,,,,
comp,16,3,CT41,2.2UF,CAP1210,185.9,149.16,0,No,,,,,,,,,,,,,,,,,,,,
comp,16,4,CT1,2.2UF,CAP1210,136.09,193.6,0,No,,,,,,,,,,,,,,,,,,,,
comp,16,3,CT2,2.2UF,CAP1210,185.92,193.69,0,No,,,,,,,,,,,,,,,,,,,,
comp,16,4,CT15,2.2UF,CAP1210,236.61,174.4,0,No,,,,,,,,,,,,,,,,,,,,
comp,16,3,CT6,2.2UF,CAP1210,227.57,185.27,90,No,,,,,,,,,,,,,,,,,,,,
comp,26,1,CT82,22UF,CAP1206,222.26,114.26,0,Yes,,,,,,,,,,,,,,,,,,,,
comp,26,3,CT63,22UF,CAP1206,222.27,126.57,0,Yes,,,,,,,,,,,,,,,,,,,,
comp,6,1,CT95,22UF,CAP0805,319.81,97.89,-90,Yes,,,,,,,,,,,,,,,,,,,,
comp,29,1,RT154,24.9 Ohm,RES0603,306.55,46.13,-90,Yes,,,,,,,,,,,,,,,,,,,,
comp,29,2,RT155,24.9 Ohm,RES0603,308.53,46.15,-90,Yes,,,,,,,,,,,,,,,,,,,,
comp,29,3,RT156,24.9 Ohm,RES0603,310.54,46.15,-90,Yes,,,,,,,,,,,,,,,,,,,,
comp,29,4,RT157,24.9 Ohm,RES0603,312.56,46.15,-90,Yes,,,,,,,,,,,,,,,,,,,,
comp,38,1,RT93,249 Ohm,RES0603,244.59,108.87,-90,Yes,,,,,,,,,,,,,,,,,,,,
comp,38,2,RT71,249 Ohm,RES0603,249.5,123.82,-90,Yes,,,,,,,,,,,,,,,,,,,,
comp,17,3,FT4,2A,SMD2410,228.66,141.9,180,Yes,,,,,,,,,,,,,,,,,,,,
comp,17,4,FT2,2A,SMD2410,235.29,184.37,90,Yes,,,,,,,,,,,,,,,,,,,,
comp,17,3,FT3,2A,SMD2410,239.77,184.38,-90,Yes,,,,,,,,,,,,,,,,,,,,
comp,23,1,RT51,4.7K,RES0603,337.71,136.93,90,Yes,,,,,,,,,,,,,,,,,,,,
comp,13,1,CT99,4.7UF,CAP1206,133.72,90.84,180,Yes,,,,,,,,,,,,,,,,,,,,
comp,13,3,CT101,4.7UF,CAP1206,133.7,93.5,180,Yes,,,,,,,,,,,,,,,,,,,,
comp,13,4,CT100,4.7UF,CAP1206,183.9,90.91,180,Yes,,,,,,,,,,,,,,,,,,,,
comp,13,1,CT102,4.7UF,CAP1206,183.87,93.57,180,Yes,,,,,,,,,,,,,,,,,,,,
comp,13,3,CT49,4.7UF,CAP1206,133.77,136.02,180,Yes,,,,,,,,,,,,,,,,,,,,
comp,13,4,CT51,4.7UF,CAP1206,133.74,138.69,180,Yes,,,,,,,,,,,,,,,,,,,,
comp,13,1,CT50,4.7UF,CAP1206,183.7,136.09,180,Yes,,,,,,,,,,,,,,,,,,,,
comp,13,3,CT52,4.7UF,CAP1206,183.68,138.75,180,Yes,,,,,,,,,,,,,,,,,,,,
comp,13,4,CT11,4.7UF,CAP1206,133.9,180.54,180,Yes,,,,,,,,,,,,,,,,,,,,
comp,13,1,CT7,4.7UF,CAP1206,133.88,183.2,180,Yes,,,,,,,,,,,,,,,,,,,,
comp,13,3,CT12,4.7UF,CAP1206,183.74,180.61,180,Yes,,,,,,,,,,,,,,,,,,,,
comp,13,4,CT8,4.7UF,CAP1206,183.72,183.28,180,Yes,,,,,,,,,,,,,,,,,,,,
comp,13,1,CT26,4.7UF,CAP1206,234.73,161.56,180,Yes,,,,,,,,,,,,,,,,,,,,
comp,13,3,CT23,4.7UF,CAP1206,234.7,164.22,180,Yes,,,,,,,,,,,,,,,,,,,,
comp,12,1,RT139,4.99K,RES0603,131.6,65.92,90,Yes,,,,,,,,,,,,,,,,,,,,
comp,12,2,RT91,4.99K,RES0603,131.66,111.13,90,Yes,,,,,,,,,,,,,,,,,,,,
comp,12,3,RT138,4.99K,RES0603,181.77,66.02,90,Yes,,,,,,,,,,,,,,,,,,,,
comp,12,4,RT92,4.99K,RES0603,181.59,111.19,90,Yes,,,,,,,,,,,,,,,,,,,,
comp,12,1,RT32,4.99K,RES0603,131.78,155.63,90,Yes,,,,,,,,,,,,,,,,,,,,
comp,12,2,RT33,4.99K,RES0603,181.62,155.72,90,Yes,,,,,,,,,,,,,,,,,,,,
comp,12,3,RT52,4.99K,RES0603,232.61,136.65,90,Yes,,,,,,,,,,,,,,,,,,,,
comp,12,4,RT95,4.99K,RES0603,305.52,107.9,90,Yes,,,,,,,,,,,,,,,,,,,,
comp,12,1,RT75,4.99K,RES0603,312.54,122.66,-90,Yes,,,,,,,,,,,,,,,,,,,,
comp,12,3,RT76,4.99K,RES0603,313.99,122.66,-90,Yes,,,,,,,,,,,,,,,,,,,,
comp,12,4,RT77,4.99K,RES0603,315.51,122.67,-90,Yes,,,,,,,,,,,,,,,,,,,,
comp,12,1,RT78,4.99K,RES0603,317.03,122.68,-90,Yes,,,,,,,,,,,,,,,,,,,,
comp,12,3,RT79,4.99K,RES0603,318.52,122.68,-90,Yes,,,,,,,,,,,,,,,,,,,,
comp,12,4,RT80,4.99K,RES0603,320.02,122.68,-90,Yes,,,,,,,,,,,,,,,,,,,,
comp,12,1,RT81,4.99K,RES0603,321.72,122.69,-90,Yes,,,,,,,,,,,,,,,,,,,,
comp,25,1,RT121,41.2 kOhm,RES0603,142.09,80.14,90,Yes,,,,,,,,,,,,,,,,,,,,
comp,25,3,RT64,41.2 kOhm,RES0603,142.16,125.34,90,Yes,,,,,,,,,,,,,,,,,,,,
comp,25,4,RT123,41.2 kOhm,RES0603,192.26,80.22,90,Yes,,,,,,,,,,,,,,,,,,,,
comp,25,1,RT66,41.2 kOhm,RES0603,192.08,125.39,90,Yes,,,,,,,,,,,,,,,,,,,,
comp,25,3,RT18,41.2 kOhm,RES0603,142.28,169.84,90,Yes,,,,,,,,,,,,,,,,,,,,
comp,25,4,RT20,41.2 kOhm,RES0603,192.12,169.93,90,Yes,,,,,,,,,,,,,,,,,,,,
comp,25,1,RT38,41.2 kOhm,RES0603,243.11,150.86,90,Yes,,,,,,,,,,,,,,,,,,,,
comp,10,3,CT138,47UF,CAP1210,138.08,65.4,90,No,,,,,,,,,,,,,,,,,,,,
comp,10,4,CT120,47UF,CAP1210,159.59,73.8,0,No,,,,,,,,,,,,,,,,,,,,
comp,10,3,CT106,47UF,CAP1210,159.58,82.07,0,No,,,,,,,,,,,,,,,,,,,,
comp,10,4,CT85,47UF,CAP1210,138.15,110.6,90,No,,,,,,,,,,,,,,,,,,,,
comp,10,3,CT139,47UF,CAP1210,188.26,65.49,90,No,,,,,,,,,,,,,,,,,,,,
comp,10,4,CT74,47UF,CAP1210,159.63,118.99,0,No,,,,,,,,,,,,,,,,,,,,
comp,10,3,CT61,47UF,CAP1210,159.64,127.26,0,No,,,,,,,,,,,,,,,,,,,,
comp,10,4,CT86,47UF,CAP1210,188.07,110.68,90,No,,,,,,,,,,,,,,,,,,,,
comp,10,3,CT121,47UF,CAP1210,209.74,73.88,0,No,,,,,,,,,,,,,,,,,,,,
comp,10,4,CT107,47UF,CAP1210,209.76,82.15,0,No,,,,,,,,,,,,,,,,,,,,
comp,10,3,CT30,47UF,CAP1210,138.27,155.12,90,No,,,,,,,,,,,,,,,,,,,,
comp,10,4,CT75,47UF,CAP1210,209.58,119.06,0,No,,,,,,,,,,,,,,,,,,,,
comp,10,3,CT62,47UF,CAP1210,209.57,127.33,0,No,,,,,,,,,,,,,,,,,,,,
comp,10,4,CT24,47UF,CAP1210,159.76,163.5,0,No,,,,,,,,,,,,,,,,,,,,
comp,10,3,CT34,47UF,CAP1210,188.11,155.2,90,No,,,,,,,,,,,,,,,,,,,,
comp,10,4,CT17,47UF,CAP1210,159.75,171.77,0,No,,,,,,,,,,,,,,,,,,,,
comp,28,3,CT77,47UF,CAP1206,235.3,116.18,-90,No,,,,,,,,,,,,,,,,,,,,
comp,28,4,CT64,47UF,CAP1206,230.96,124.83,90,No,,,,,,,,,,,,,,,,,,,,
comp,28,1,CT68,47UF,CAP1206,242.92,124.32,90,No,,,,,,,,,,,,,,,,,,,,
comp,10,4,CT25,47UF,CAP1210,209.59,163.59,0,No,,,,,,,,,,,,,,,,,,,,
comp,28,3,CT80,47UF,CAP1206,250.01,115.83,-90,No,,,,,,,,,,,,,,,,,,,,
comp,10,4,CT53,47UF,CAP1210,239.61,135.67,90,No,,,,,,,,,,,,,,,,,,,,
comp,10,3,CT18,47UF,CAP1210,209.6,171.86,0,No,,,,,,,,,,,,,,,,,,,,
comp,10,4,CT47,47UF,CAP1210,260.59,144.53,0,No,,,,,,,,,,,,,,,,,,,,
comp,10,3,CT36,47UF,CAP1210,260.59,152.8,0,No,,,,,,,,,,,,,,,,,,,,
comp,40,1,RT158,499 Ohm,RES0603,323.54,45.76,90,Yes,,,,,,,,,,,,,,,,,,,,
comp,40,3,RT159,499 Ohm,RES0603,329.87,45.78,90,Yes,,,,,,,,,,,,,,,,,,,,
comp,21,1,QT4,BSS138K,SOT95P230X110-3N,272.88,91.21,0,Yes,,,,,,,,,,,,,,,,,,,,
comp,21,3,QT1,BSS138K,SOT95P230X110-3N,282.56,153.08,180,Yes,,,,,,,,,,,,,,,,,,,,
comp,21,4,QT2,BSS138K,SOT95P230X110-3N,324.14,107.01,90,Yes,,,,,,,,,,,,,,,,,,,,
comp,33,1,UT33,LTC2945HUD,QFN12,118,66.47,90,Yes,,,,,,,,,,,,,,,,,,,,
comp,33,3,UT34,LTC2945HUD,QFN12,168.17,66.57,90,Yes,,,,,,,,,,,,,,,,,,,,
comp,33,4,UT21,LTC2945HUD,QFN12,118.04,111.67,90,Yes,,,,,,,,,,,,,,,,,,,,
comp,33,1,UT22,LTC2945HUD,QFN12,167.98,111.73,90,Yes,,,,,,,,,,,,,,,,,,,,
comp,33,3,UT6,LTC2945HUD,QFN12,118.18,156.17,90,Yes,,,,,,,,,,,,,,,,,,,,
comp,33,4,UT7,LTC2945HUD,QFN12,168.02,156.27,90,Yes,,,,,,,,,,,,,,,,,,,,
comp,33,1,UT13,LTC2945HUD,QFN12,219.01,137.2,90,Yes,,,,,,,,,,,,,,,,,,,,
comp,33,3,UT23,LTC2945HUD,QFN12,238.57,109.69,180,Yes,,,,,,,,,,,,,,,,,,,,
comp,33,4,UT17,LTC2945HUD,QFN12,238.96,122.37,180,Yes,,,,,,,,,,,,,,,,,,,,
comp,33,1,UT2,LTC2945HUD,QFN12,247.42,180.15,180,Yes,,,,,,,,,,,,,,,,,,,,
comp,4,1,DT11,LTST-S270KGKT,LEDC1608X80N,247.08,107.89,180,Yes,,,,,,,,,,,,,,,,,,,,
comp,4,3,DT8,LTST-S270KGKT,LEDC1608X80N,250.26,121.54,180,Yes,,,,,,,,,,,,,,,,,,,,
comp,4,4,DT6,LTST-S270KGKT,LEDC1608X80N,268.57,154.37,180,Yes,,,,,,,,,,,,,,,,,,,,
comp,4,1,DT5,LTST-S270KGKT,LEDC1608X80N,268.58,156.59,180,Yes,,,,,,,,,,,,,,,,,,,,
comp,4,3,DT4,LTST-S270KGKT,LEDC1608X80N,268.58,158.81,180,Yes,,,,,,,,,,,,,,,,,,,,
comp,32,1,DT3,LTST-S270KRKT,LEDC1608X80N,268.57,161.03,0,Yes,,,,,,,,,,,,,,,,,,,,
comp,43,3,DT13,SMCJ12CA-E3/57T,DIO-214AB,138.47,75.23,180,No,,,,,,,,,,,,,,,,,,,,
comp,43,4,DT9,SMCJ12CA-E3/57T,DIO-214AB,138.53,120.43,180,No,,,,,,,,,,,,,,,,,,,,
comp,43,3,DT14,SMCJ12CA-E3/57T,DIO-214AB,188.65,75.31,180,No,,,,,,,,,,,,,,,,,,,,
comp,43,4,DT10,SMCJ12CA-E3/57T,DIO-214AB,188.45,120.49,180,No,,,,,,,,,,,,,,,,,,,,
comp,43,3,DT1,SMCJ12CA-E3/57T,DIO-214AB,138.66,164.94,180,No,,,,,,,,,,,,,,,,,,,,
comp,43,4,DT2,SMCJ12CA-E3/57T,DIO-214AB,188.49,165.03,180,No,,,,,,,,,,,,,,,,,,,,
comp,43,3,DT7,SMCJ12CA-E3/57T,DIO-214AB,238.77,145.83,180,No,,,,,,,,,,,,,,,,,,,,
comp,27,1,UT31,TMP117NAIDRVR,6-WSON_2X2,144.13,66.93,180,Yes,,,,,,,,,,,,,,,,,,,,
comp,27,3,UT20,TMP117NAIDRVR,6-WSON_2X2,152.07,112.27,180,Yes,,,,,,,,,,,,,,,,,,,,
comp,27,4,UT32,TMP117NAIDRVR,6-WSON_2X2,193.65,66.96,180,Yes,,,,,,,,,,,,,,,,,,,,
comp,27,1,UT19,TMP117NAIDRVR,6-WSON_2X2,198.21,112.41,180,Yes,,,,,,,,,,,,,,,,,,,,
comp,27,3,UT8,TMP117NAIDRVR,6-WSON_2X2,154.68,155.66,0,Yes,,,,,,,,,,,,,,,,,,,,
comp,27,4,UT9,TMP117NAIDRVR,6-WSON_2X2,201.28,154.66,0,Yes,,,,,,,,,,,,,,,,,,,,
comp,27,1,UT12,TMP117NAIDRVR,6-WSON_2X2,245.3,138.33,180,Yes,,,,,,,,,,,,,,,,,,,,
comp,27,2,UT28,TMP117NAIDRVR,6-WSON_2X2,314.1,89.03,-90,Yes,,,,,,,,,,,,,,,,,,,,
comp,31,1,UT29,TXS0102DCUR,SOP50P310X90-8N,267.29,84.46,180,Yes,,,,,,,,,,,,,,,,,,,,
comp,31,3,UT25,TXS0102DCUR,SOP50P310X90-8N,267.29,97.24,180,Yes,,,,,,,,,,,,,,,,,,,,