#Feeder,Feeder ID,Type,Nozzle,X,Y,Angle,Footprint,Value,Pick height,Pick delay,Place Height,Place Delay,Vacuum detection,Threshold,Vision Alignment,Speed,Unnamed: 17,Unnamed: 18,Unnamed: 19,Unnamed: 20,Unnamed: 21,Unnamed: 22,Unnamed: 23,Unnamed: 24,Unnamed: 25,Unnamed: 26,Unnamed: 27,Unnamed: 28,Unnamed: 29,Feeder
stack,1,0,134,412.46,87.33,90,CAP0603,CAP0603/0.01UF,2.8,100,3,100,No,-40,1,80,4,50,30,No,No,-40,-40,-40,-40,-1,-1,0,0,
stack,2,0,134,411.54,101,90,CAP0603,CAP0603/0.1UF,2.8,100,3,100,No,-40,1,80,4,50,30,No,No,-40,-40,-40,-40,-1,-1,0,0,
stack,3,0,134,411.82,114.36,90,CAP0603,CAP0603/10UF,2.8,100,3,100,No,-40,1,80,4,50,30,No,No,-40,-40,-40,-40,-1,-1,0,0,
stack,4,0,134,412.07,127.62,90,CAP0603,CAP0603/15PF,2.8,100,3,100,No,-40,1,80,4,50,30,No,No,-40,-40,-40,-40,-1,-1,0,0,
stack,5,0,134,412.36,140.94,90,CAP0603,CAP0603/1UF,2.8,100,3,100,No,-40,1,80,4,50,30,No,No,-40,-40,-40,-40,-1,-1,0,0,
stack,6,0,134,412.28,154.15,90,CAP0805,CAP0805/22UF,2.2,100,3,100,No,-40,1,80,4,30,50,No,No,-40,-40,-40,-40,-1,-1,0,0,
stack,7,0,134,411.88,168.05,90,CAP1206,CAP1206/0.1UF,2.2,100,2.6,100,No,-40,1,80,4,50,30,No,No,-40,-40,-40,-40,-1,-1,0,0,
stack,8,0,134,412.31,248.36,90,CAP1206,CAP1206/100UF,2.2,100,2.6,100,No,-40,1,80,4,50,30,No,No,-40,-40,-40,-40,-1,-1,0,0,
stack,9,0,134,412.38,261.94,90,CAP1206,CAP1206/22UF,2.2,100,2.6,100,No,-40,1,80,4,50,30,No,No,-40,-40,-40,-40,-1,-1,0,0,
stack,10,0,134,412.26,275.55,90,CAP1206,CAP1206/4.7UF,2.2,100,2.6,100,No,-40,1,80,4,50,30,No,No,-40,-40,-40,-40,-1,-1,0,0,
stack,11,0,134,411.96,289.18,90,CAP1206,CAP1206/47UF,2.2,100,2.6,100,No,-40,1,80,4,50,30,No,No,-40,-40,-40,-40,-1,-1,0,0,
stack,12,0,134,412.38,303.1,90,LEDC1608X80N,LEDC1608X80N/LTST-S270KGKT,1.6,100,3,100,No,-40,1,80,4,50,80,No,No,-40,-40,-40,-40,-1,-1,0,0,
stack,13,0,134,411.8,316.29,90,LEDC1608X80N,LEDC1608X80N/LTST-S270KRKT,1.6,100,3,100,No,-40,1,80,4,50,80,No,No,-40,-40,-40,-40,-1,-1,0,0,
stack,14,0,134,411.85,329.28,90,RES0402,RES0402/0,2.1,100,2.7,100,No,-40,1,80,2,30,50,No,No,-40,-40,-40,-40,-1,-1,0,0,
stack,15,0,134,412.24,345.47,90,QFN12,QFN12/LTC2945HUD,1.5,300,2.6,100,No,-40,1,100,8,50,60,No,No,-40,-40,-40,-40,-1,-1,0,0,
stack,16,0,134,412.3,360.48,90,RES0603,RES0603/41.2 kOhm,2.2,100,2.6,100,No,-40,1,80,4,50,30,No,No,-40,-40,-40,-40,-1,-1,0,0,
stack,20,0,1,24.51,21.08,90,RES0603,RES0603/0 Ohm,2.2,100,2.6,100,No,-40,1,80,4,50,30,No,No,-40,-40,-40,-40,-1,-1,0,0,
stack,21,0,134,25.06,34.14,-90,RES0603,RES0603/1.78K,2.2,100,2.6,100,No,-40,1,80,4,50,30,No,No,-40,-40,-40,-40,-1,-1,0,0,
stack,22,0,134,25.28,47.73,-90,RES0603,RES0603/100 Ohm,2.2,100,2.6,100,No,-40,1,80,4,50,30,No,No,-40,-40,-40,-40,-1,-1,0,0,
stack,23,0,134,25.1,61.26,-90,RES0603,RES0603/10K,2.2,100,2.6,100,No,-40,1,80,4,50,30,No,No,-40,-40,-40,-40,-1,-1,0,0,
stack,24,0,134,25.27,74.58,-90,RES0603,RES0603/10M,2.2,100,2.6,100,No,-40,1,80,4,50,30,No,No,-40,-40,-40,-40,-1,-1,0,0,
stack,25,0,134,24.85,88.5,-90,RES0603,RES0603/130 Ohm,2.2,100,2.6,100,No,-40,1,80,4,50,30,No,No,-40,-40,-40,-40,-1,-1,0,0,
stack,26,0,134,25.01,101.42,-90,RES0603,RES0603/174 Ohm,2.2,100,2.6,100,No,-40,1,80,4,50,30,No,No,-40,-40,-40,-40,-1,-1,0,0,
stack,27,0,134,25.44,114.87,-90,RES0603,RES0603/1K,2.2,100,2.6,100,No,-40,1,80,4,50,30,No,No,-40,-40,-40,-40,-1,-1,0,0,
stack,28,0,134,25.12,128.7,-90,RES0603,RES0603/2.2K,2.2,100,2.6,100,No,-40,1,80,4,50,30,No,No,-40,-40,-40,-40,-1,-1,0,0,
stack,29,0,134,25.45,142.3,-90,RES0603,RES0603/24.9 Ohm,2.2,100,2.6,100,No,-40,1,80,4,50,30,No,No,-40,-40,-40,-40,-1,-1,0,0,
stack,30,0,134,25.55,155.6,-90,RES0603,RES0603/249 Ohm,2.2,100,2.6,100,No,-40,1,80,4,50,30,No,No,-40,-40,-40,-40,-1,-1,0,0,
stack,31,0,134,25.01,168.98,-90,RES0603,RES0603/4.7K,2.2,100,2.6,100,No,-40,1,80,4,50,30,No,No,-40,-40,-40,-40,-1,-1,0,0,
stack,32,0,134,26.03,182.3,-90,RES0603,RES0603/4.99K,2.2,100,2.6,100,No,-40,1,80,4,50,30,No,No,-40,-40,-40,-40,-1,-1,0,0,
stack,33,0,134,28.19,199.29,-90,RES0603,RES0603/499 Ohm,2.2,100,2.6,100,No,-40,1,80,4,50,30,No,No,-40,-40,-40,-40,-1,-1,0,0,
stack,34,0,134,25.58,218.28,-90,RES0805,RES0805/0.02,2.3,100,2.6,100,No,-40,1,80,4,50,30,No,No,-40,-40,-40,-40,-1,-1,0,0,
stack,35,0,134,25.63,235.33,-90,RES1206,RES1206/0.005,2.2,100,2.3,100,No,-40,1,100,4,50,30,No,No,-40,-40,-40,-40,-1,-1,0,0,
stack,36,0,134,25.41,252.83,-90,SOT95P230X110-3N,SOT95P230X110-3N/BSS138K,2.2,100,3.7,100,No,-40,1,80,4,50,50,No,No,-40,-40,-40,-40,-1,-1,0,0,
stack,38,0,134,25.06,270.18,-90,-,-,-,-,-,-,-,-,-,-,-,-,-,-,-,-,-,-,-,-,-,-,-,
stack,39,0,134,25.34,288,-90,-,-,-,-,-,-,-,-,-,-,-,-,-,-,-,-,-,-,-,-,-,-,-,
stack,40,0,134,25.61,305.46,-90,-,-,-,-,-,-,-,-,-,-,-,-,-,-,-,-,-,-,-,-,-,-,-,
stack,41,0,134,25.27,323.01,-90,-,-,-,-,-,-,-,-,-,-,-,-,-,-,-,-,-,-,-,-,-,-,-,
stack,42,0,134,25.46,340.2,-90,-,-,-,-,-,-,-,-,-,-,-,-,-,-,-,-,-,-,-,-,-,-,-,
stack,43,0,134,27.41,365.03,-90,SOIC8,SOIC8/24AA025E48T-I/SN,1.7,400,3.2,100,No,-40,1,60,8,50,30,No,No,-40,-40,-40,-40,-1,-1,0,0,
pcb,Manual,Lock,100,100,209,8.54,Front,10,10,0,,,,,,,,,,,,,,,,,,,,
mark,Whole,Auto,96.0131,9.91894,348.245,9.55547,97.2074,362.437,349.509,362.182,,,,,,,,,,,,,,,,,,,,
markext,0,0.8,3,1,0,,,,,,,,,,,,,,,,,,,,,,,,,
markext,1,0.8,3,1,0,,,,,,,,,,,,,,,,,,,,,,,,,
markext,2,0.8,3,1,0,,,,,,,,,,,,,,,,,,,,,,,,,
markext,3,0.8,3,1,0,,,,,,,,,,,,,,,,,,,,,,,,,
test,No,,,,,,,,,,,,,,,,,,,,,,,,,,,,,
mirror_create,1,1,296.3,23.01,0,0,0,0,0.012248,,,,,,,,,,,,,,,,,,,,,
mirror,296.3,23.01,0,No,,,,,,,,,,,,,,,,,,,,,,,,,,
#SMD,Feeder ID,Nozzle,Name,Value,Footprint,X,Y,Rotation,Skip,,,,,,,,,,,,,,,,,,,,,
,14,1,RT84,0,RES0402,213.5634992,14.47992806,-90,NO,,,,,,,,,,,,,,,,,,,,,comp
,14,3,RT44,0,RES0402,252.4045918,168.5706813,0,NO,,,,,,,,,,,,,,,,,,,,,comp
,14,4,RT131,0,RES0402,140.2397052,14.54574906,-90,NO,,,,,,,,,,,,,,,,,,,,,comp
,14,1,RT132,0,RES0402,140.2445595,15.92531539,-90,NO,,,,,,,,,,,,,,,,,,,,,comp
,14,3,RT26,0,RES0402,286.0653946,92.08123647,-90,NO,,,,,,,,,,,,,,,,,,,,,comp
,14,4,RT25,0,RES0402,285.7938763,15.91377205,-90,NO,,,,,,,,,,,,,,,,,,,,,comp
,20,1,RT67,0 Ohm,RES0603,229.2312766,134.6949221,-90,NO,,,,,,,,,,,,,,,,,,,,,comp
,20,1,RT65,0 Ohm,RES0603,228.9968665,56.99320626,-90,NO,,,,,,,,,,,,,,,,,,,,,comp
,20,1,RT58,0 Ohm,RES0603,241.3642942,364.538801,180,NO,,,,,,,,,,,,,,,,,,,,,comp
,20,1,RT53,0 Ohm,RES0603,245.3588625,364.5347747,180,NO,,,,,,,,,,,,,,,,,,,,,comp
,20,1,RT50,0 Ohm,RES0603,249.1063794,364.5309974,180,NO,,,,,,,,,,,,,,,,,,,,,comp
,20,1,RT45,0 Ohm,RES0603,252.0731635,342.328867,180,NO,,,,,,,,,,,,,,,,,,,,,comp
,20,1,RT43,0 Ohm,RES0603,253.1833873,364.5268879,180,NO,,,,,,,,,,,,,,,,,,,,,comp
,20,1,RT39,0 Ohm,RES0603,270.6926077,214.007198,-90,NO,,,,,,,,,,,,,,,,,,,,,comp
,20,1,RT37,0 Ohm,RES0603,270.8256975,216.6881157,-90,NO,,,,,,,,,,,,,,,,,,,,,comp
,20,1,RT35,0 Ohm,RES0603,277.7472307,323.9669593,-90,NO,,,,,,,,,,,,,,,,,,,,,comp
,20,1,RT23,0 Ohm,RES0603,289.350601,8.609120691,180,NO,,,,,,,,,,,,,,,,,,,,,comp
,20,1,RT22,0 Ohm,RES0603,295.7168615,361.7237462,0,NO,,,,,,,,,,,,,,,,,,,,,comp
,20,1,RT21,0 Ohm,RES0603,301.5028309,134.6018008,-90,NO,,,,,,,,,,,,,,,,,,,,,comp
,20,1,RT19,0 Ohm,RES0603,301.2260061,57.05099036,-90,NO,,,,,,,,,,,,,,,,,,,,,comp
,20,1,RT17,0 Ohm,RES0603,301.2761959,59.57413333,-90,NO,,,,,,,,,,,,,,,,,,,,,comp
,20,1,RT16,0 Ohm,RES0603,301.6353903,137.1249656,-90,NO,,,,,,,,,,,,,,,,,,,,,comp
,20,1,RT68,0 Ohm,RES0603,229.0361592,137.7307932,-90,NO,,,,,,,,,,,,,,,,,,,,,comp
,20,1,RT69,0 Ohm,RES0603,228.6776673,59.87143198,-90,NO,,,,,,,,,,,,,,,,,,,,,comp
,20,1,RT70,0 Ohm,RES0603,229.4220029,364.5508383,180,NO,,,,,,,,,,,,,,,,,,,,,comp
,20,1,RT72,0 Ohm,RES0603,226.6629713,364.5536192,180,NO,,,,,,,,,,,,,,,,,,,,,comp
,20,1,RT144,0 Ohm,RES0603,130.9670722,233.274602,90,NO,,,,,,,,,,,,,,,,,,,,,comp
,20,1,RT143,0 Ohm,RES0603,130.9592427,231.0474645,90,NO,,,,,,,,,,,,,,,,,,,,,comp
,20,1,RT142,0 Ohm,RES0603,130.9516205,228.8793064,90,NO,,,,,,,,,,,,,,,,,,,,,comp
,20,1,RT124,0 Ohm,RES0603,155.9443454,135.1047123,-90,NO,,,,,,,,,,,,,,,,,,,,,comp
,20,1,RT122,0 Ohm,RES0603,155.6693365,57.05522407,-90,NO,,,,,,,,,,,,,,,,,,,,,comp
,20,1,RT120,0 Ohm,RES0603,156.036407,137.8640025,-90,NO,,,,,,,,,,,,,,,,,,,,,comp
,20,1,RT125,0 Ohm,RES0603,155.6796143,59.97215577,-90,NO,,,,,,,,,,,,,,,,,,,,,comp
,20,1,RT114,0 Ohm,RES0603,168.7241484,246.9092834,-90,NO,,,,,,,,,,,,,,,,,,,,,comp
,20,1,RT104,0 Ohm,RES0603,189.0922302,254.9673908,-90,NO,,,,,,,,,,,,,,,,,,,,,comp
,20,1,RT102,0 Ohm,RES0603,189.0541265,244.1849893,-90,NO,,,,,,,,,,,,,,,,,,,,,comp
,20,1,RT96,0 Ohm,RES0603,201.1079559,311.0778398,-90,NO,,,,,,,,,,,,,,,,,,,,,comp
,20,1,RT115,0 Ohm,RES0603,168.7411202,251.7206398,-90,NO,,,,,,,,,,,,,,,,,,,,,comp
,35,1,RT89,0.005,RES1206,206.9848568,24.10777515,-90,NO,,,,,,,,,,,,,,,,,,,,,comp
,35,3,RT49,0.005,RES1206,248.6768496,181.1126485,-90,NO,,,,,,,,,,,,,,,,,,,,,comp
,35,4,RT8,0.005,RES1206,321.0887932,223.568088,-90,NO,,,,,,,,,,,,,,,,,,,,,comp
,35,1,RT9,0.005,RES1206,321.135602,236.6589184,-90,NO,,,,,,,,,,,,,,,,,,,,,comp
,35,3,RT29,0.005,RES1206,279.2093719,24.16265655,-90,NO,,,,,,,,,,,,,,,,,,,,,comp
,35,4,RT90,0.005,RES1206,207.218718,101.8057978,-90,NO,,,,,,,,,,,,,,,,,,,,,comp
,35,1,RT136,0.005,RES1206,133.6620202,24.17273407,-90,NO,,,,,,,,,,,,,,,,,,,,,comp
,35,3,RT137,0.005,RES1206,133.9364753,102.2185113,-90,NO,,,,,,,,,,,,,,,,,,,,,comp
,35,4,RT30,0.005,RES1206,279.485646,101.709779,-90,NO,,,,,,,,,,,,,,,,,,,,,comp
,1,1,CT56,0.01UF,CAP0603,240.9290219,276.7342187,90,NO,,,,,,,,,,,,,,,,,,,,,comp
,1,3,CT57,0.01UF,CAP0603,240.8805789,274.186068,90,NO,,,,,,,,,,,,,,,,,,,,,comp
,1,4,CT105,0.01UF,CAP0603,161.9670574,362.3138058,180,NO,,,,,,,,,,,,,,,,,,,,,comp
,1,1,CT118,0.01UF,CAP0603,147.8755425,359.3106201,-90,NO,,,,,,,,,,,,,,,,,,,,,comp
,1,3,CT119,0.01UF,CAP0603,147.8850331,362.0062732,-90,NO,,,,,,,,,,,,,,,,,,,,,comp
,1,4,CT137,0.01UF,CAP0603,132.5697548,350.376815,180,NO,,,,,,,,,,,,,,,,,,,,,comp
,1,1,CT140,0.01UF,CAP0603,129.7548202,350.3797014,180,NO,,,,,,,,,,,,,,,,,,,,,comp
,1,3,CT141,0.01UF,CAP0603,129.4662101,363.8630999,90,NO,,,,,,,,,,,,,,,,,,,,,comp
,34,1,RT88,0.02,RES0805,209.5340521,205.0562121,0,NO,,,,,,,,,,,,,,,,,,,,,comp
,34,3,RT63,0.02,RES0805,230.0935782,205.634974,0,NO,,,,,,,,,,,,,,,,,,,,,comp
,2,1,CT150,0.1UF,CAP0603,117.0890928,185.9262299,180,NO,,,,,,,,,,,,,,,,,,,,,comp
,2,3,CT131,0.1UF,CAP0603,135.1466704,322.1859864,-90,NO,,,,,,,,,,,,,,,,,,,,,comp
,2,4,CT130,0.1UF,CAP0603,135.1300334,317.4551683,-90,NO,,,,,,,,,,,,,,,,,,,,,comp
,2,1,CT129,0.1UF,CAP0603,135.1133965,312.7243644,-90,NO,,,,,,,,,,,,,,,,,,,,,comp
,2,3,CT126,0.1UF,CAP0603,135.0417195,292.3426462,-90,NO,,,,,,,,,,,,,,,,,,,,,comp
,2,4,CT127,0.1UF,CAP0603,135.0586335,297.1522349,-90,NO,,,,,,,,,,,,,,,,,,,,,comp
,2,1,CT132,0.1UF,CAP0603,135.1619211,326.522582,-90,NO,,,,,,,,,,,,,,,,,,,,,comp
,2,3,CT128,0.1UF,CAP0603,135.0856683,304.8397227,-90,NO,,,,,,,,,,,,,,,,,,,,,comp
,2,4,CT133,0.1UF,CAP0603,134.9879596,335.5902626,90,NO,,,,,,,,,,,,,,,,,,,,,comp
,2,1,CT143,0.1UF,CAP0603,126.638589,209.0147641,180,NO,,,,,,,,,,,,,,,,,,,,,comp
,2,3,CT135,0.1UF,CAP0603,133.7531274,188.3498561,90,NO,,,,,,,,,,,,,,,,,,,,,comp
,2,4,CT136,0.1UF,CAP0603,133.7614445,190.7150674,90,NO,,,,,,,,,,,,,,,,,,,,,comp
,2,1,CT142,0.1UF,CAP0603,127.6277567,185.9133081,180,NO,,,,,,,,,,,,,,,,,,,,,comp
,2,3,CT124,0.1UF,CAP0603,135.8234653,251.6521951,180,NO,,,,,,,,,,,,,,,,,,,,,comp
,2,4,CT144,0.1UF,CAP0603,126.6761324,221.4508476,180,NO,,,,,,,,,,,,,,,,,,,,,comp
,2,1,CT145,0.1UF,CAP0603,125.1820442,185.9163068,180,NO,,,,,,,,,,,,,,,,,,,,,comp
,2,3,CT146,0.1UF,CAP0603,124.1685534,209.017723,180,NO,,,,,,,,,,,,,,,,,,,,,comp
,2,4,CT134,0.1UF,CAP0603,134.9965471,338.0322161,90,NO,,,,,,,,,,,,,,,,,,,,,comp
,2,1,CT113,0.1UF,CAP0603,155.5851194,338.8947548,90,NO,,,,,,,,,,,,,,,,,,,,,comp
,2,3,CT108,0.1UF,CAP0603,158.6360648,246.6249184,180,NO,,,,,,,,,,,,,,,,,,,,,comp
,2,4,CT111,0.1UF,CAP0603,155.5206194,320.5874084,90,NO,,,,,,,,,,,,,,,,,,,,,comp
,2,1,CT9,0.1UF,CAP0603,322.4555956,212.3223647,180,NO,,,,,,,,,,,,,,,,,,,,,comp
,2,3,CT10,0.1UF,CAP0603,319.8480058,212.3254772,180,NO,,,,,,,,,,,,,,,,,,,,,comp
,2,4,CT31,0.1UF,CAP0603,277.7832602,334.0822996,90,NO,,,,,,,,,,,,,,,,,,,,,comp
,2,1,CT35,0.1UF,CAP0603,274.3164117,285.2457113,90,NO,,,,,,,,,,,,,,,,,,,,,comp
,2,3,CT44,0.1UF,CAP0603,265.6010906,272.6849686,-90,NO,,,,,,,,,,,,,,,,,,,,,comp
,2,4,CT59,0.1UF,CAP0603,235.3767308,337.2224032,90,NO,,,,,,,,,,,,,,,,,,,,,comp
,2,1,CT65,0.1UF,CAP0603,227.9357787,199.0470387,180,NO,,,,,,,,,,,,,,,,,,,,,comp
,2,3,CT69,0.1UF,CAP0603,225.3288013,199.0501931,180,NO,,,,,,,,,,,,,,,,,,,,,comp
,2,4,CT83,0.1UF,CAP0603,207.3762416,198.4684462,180,NO,,,,,,,,,,,,,,,,,,,,,comp
,2,1,CT87,0.1UF,CAP0603,204.7695576,198.4716021,180,NO,,,,,,,,,,,,,,,,,,,,,comp
,2,3,CT88,0.1UF,CAP0603,204.6264282,344.974918,-90,NO,,,,,,,,,,,,,,,,,,,,,comp
,2,4,CT89,0.1UF,CAP0603,204.1069477,332.4033859,-90,NO,,,,,,,,,,,,,,,,,,,,,comp
,2,1,CT149,0.1UF,CAP0603,119.2620344,206.8426131,0,NO,,,,,,,,,,,,,,,,,,,,,comp
,2,3,CT98,0.1UF,CAP0603,178.8511478,246.4833592,180,NO,,,,,,,,,,,,,,,,,,,,,comp
,2,4,CT147,0.1UF,CAP0603,122.4394276,185.9196697,180,NO,,,,,,,,,,,,,,,,,,,,,comp
,2,1,CT109,0.1UF,CAP0603,158.6556548,252.1835431,0,NO,,,,,,,,,,,,,,,,,,,,,comp
,2,3,CT110,0.1UF,CAP0603,155.4171402,291.2164408,90,NO,,,,,,,,,,,,,,,,,,,,,comp
,2,4,CT112,0.1UF,CAP0603,155.5755834,336.1880953,90,NO,,,,,,,,,,,,,,,,,,,,,comp
,2,1,CT148,0.1UF,CAP0603,119.975594,185.9226906,180,NO,,,,,,,,,,,,,,,,,,,,,comp
,2,3,CT97,0.1UF,CAP0603,178.9118078,252.0026495,0,NO,,,,,,,,,,,,,,,,,,,,,comp
,7,1,CT27,0.1UF,CAP1206,285.7814825,81.75222734,0,NO,,,,,,,,,,,,,,,,,,,,,comp
,2,4,CT163,0.1UF,CAP0603,109.8377556,202.7465316,-90,NO,,,,,,,,,,,,,,,,,,,,,comp
,2,1,CT164,0.1UF,CAP0603,109.6722757,324.7360233,0,NO,,,,,,,,,,,,,,,,,,,,,comp
,2,3,CT166,0.1UF,CAP0603,109.7375946,343.3524983,0,NO,,,,,,,,,,,,,,,,,,,,,comp
,2,4,CT167,0.1UF,CAP0603,100.9254221,307.4390554,90,NO,,,,,,,,,,,,,,,,,,,,,comp
,7,3,CT5,0.1UF,CAP1206,326.7056092,181.794565,90,NO,,,,,,,,,,,,,,,,,,,,,comp
,7,4,CT19,0.1UF,CAP1206,299.5364163,81.73361671,0,NO,,,,,,,,,,,,,,,,,,,,,comp
,7,1,CT20,0.1UF,CAP1206,299.8132012,159.2854706,0,NO,,,,,,,,,,,,,,,,,,,,,comp
,2,1,CT162,0.1UF,CAP0603,109.829529,200.4020124,-90,NO,,,,,,,,,,,,,,,,,,,,,comp
,7,3,CT28,0.1UF,CAP1206,286.0579251,159.3027798,0,NO,,,,,,,,,,,,,,,,,,,,,comp
,7,4,CT122,0.1UF,CAP1206,140.2291791,81.75207168,0,NO,,,,,,,,,,,,,,,,,,,,,comp
,7,1,CT115,0.1UF,CAP1206,154.2541945,159.7840026,0,NO,,,,,,,,,,,,,,,,,,,,,comp
,7,3,CT114,0.1UF,CAP1206,153.9792257,81.73346435,0,NO,,,,,,,,,,,,,,,,,,,,,comp
,7,4,CT79,0.1UF,CAP1206,213.7885384,159.3937215,0,NO,,,,,,,,,,,,,,,,,,,,,comp
,7,1,CT78,0.1UF,CAP1206,213.5545099,81.69226532,0,NO,,,,,,,,,,,,,,,,,,,,,comp
,7,3,CT67,0.1UF,CAP1206,227.5413882,159.3764153,0,NO,,,,,,,,,,,,,,,,,,,,,comp
,7,4,CT66,0.1UF,CAP1206,227.3070182,81.67365532,0,NO,,,,,,,,,,,,,,,,,,,,,comp
,7,1,CT123,0.1UF,CAP1206,140.5038035,159.8013004,0,NO,,,,,,,,,,,,,,,,,,,,,comp
,7,3,CT48,0.1UF,CAP1206,255.2482433,238.7069753,0,NO,,,,,,,,,,,,,,,,,,,,,comp
,7,4,CT38,0.1UF,CAP1206,269.0028258,238.6909993,0,NO,,,,,,,,,,,,,,,,,,,,,comp
,2,3,CT161,0.1UF,CAP0603,109.8191553,197.4455672,-90,NO,,,,,,,,,,,,,,,,,,,,,comp
,2,4,CT151,0.1UF,CAP0603,116.7920451,206.8455786,0,NO,,,,,,,,,,,,,,,,,,,,,comp
,2,1,CT152,0.1UF,CAP0603,115.9501546,356.031421,-90,NO,,,,,,,,,,,,,,,,,,,,,comp
,2,3,CT153,0.1UF,CAP0603,114.9642124,260.7774036,0,NO,,,,,,,,,,,,,,,,,,,,,comp
,2,4,CT154,0.1UF,CAP0603,114.9869009,267.2406066,180,NO,,,,,,,,,,,,,,,,,,,,,comp
,2,1,CT155,0.1UF,CAP0603,114.5656494,185.9293239,180,NO,,,,,,,,,,,,,,,,,,,,,comp
,2,3,CT156,0.1UF,CAP0603,113.9678568,227.92475,0,NO,,,,,,,,,,,,,,,,,,,,,comp
,2,4,CT157,0.1UF,CAP0603,113.9898577,234.1925722,180,NO,,,,,,,,,,,,,,,,,,,,,comp
,2,1,CT158,0.1UF,CAP0603,109.7921837,189.7588356,-90,NO,,,,,,,,,,,,,,,,,,,,,comp
,2,3,CT159,0.1UF,CAP0603,109.8004799,192.1232038,-90,NO,,,,,,,,,,,,,,,,,,,,,comp
,2,4,CT160,0.1UF,CAP0603,109.8108563,195.080415,-90,NO,,,,,,,,,,,,,,,,,,,,,comp
,21,1,RT62,1.78K,RES0603,236.5495579,121.8333341,180,NO,,,,,,,,,,,,,,,,,,,,,comp
,21,3,RT14,1.78K,RES0603,308.5451075,44.18820167,180,NO,,,,,,,,,,,,,,,,,,,,,comp
,21,4,RT15,1.78K,RES0603,308.8221133,121.7390779,180,NO,,,,,,,,,,,,,,,,,,,,,comp
,21,1,RT34,1.78K,RES0603,278.0116446,201.1450308,180,NO,,,,,,,,,,,,,,,,,,,,,comp
,21,3,RT61,1.78K,RES0603,236.3149671,44.13155175,180,NO,,,,,,,,,,,,,,,,,,,,,comp
,21,4,RT117,1.78K,RES0603,162.9864212,44.19472109,180,NO,,,,,,,,,,,,,,,,,,,,,comp
,21,1,RT118,1.78K,RES0603,163.2616123,122.2442756,180,NO,,,,,,,,,,,,,,,,,,,,,comp
,22,1,RT147,100 Ohm,RES0603,125.4122672,205.3107165,90,NO,,,,,,,,,,,,,,,,,,,,,comp
,22,3,RT127,100 Ohm,RES0603,149.4186456,236.3068704,135,NO,,,,,,,,,,,,,,,,,,,,,comp
,22,4,RT135,100 Ohm,RES0603,136.7649327,220.4347589,-135,NO,,,,,,,,,,,,,,,,,,,,,comp
,22,1,RT130,100 Ohm,RES0603,141.1517386,238.6423897,90,NO,,,,,,,,,,,,,,,,,,,,,comp
,22,3,RT129,100 Ohm,RES0603,142.0171892,222.0842449,90,NO,,,,,,,,,,,,,,,,,,,,,comp
,22,4,RT128,100 Ohm,RES0603,147.9323098,223.4175966,45,NO,,,,,,,,,,,,,,,,,,,,,comp
,22,1,RT150,100 Ohm,RES0603,118.0598203,210.6412651,90,NO,,,,,,,,,,,,,,,,,,,,,comp
,22,3,RT141,100 Ohm,RES0603,131.7158701,224.6041608,0,NO,,,,,,,,,,,,,,,,,,,,,comp
,22,4,RT126,100 Ohm,RES0603,151.6512827,227.2979912,180,NO,,,,,,,,,,,,,,,,,,,,,comp
,22,1,RT145,100 Ohm,RES0603,130.4343897,198.2089879,0,NO,,,,,,,,,,,,,,,,,,,,,comp
,8,1,CT96,100UF,CAP1206,183.9742502,340.3103681,-90,NO,,,,,,,,,,,,,,,,,,,,,comp
,23,1,RT111,10K,RES0603,169.7954482,118.7667622,180,NO,,,,,,,,,,,,,,,,,,,,,comp
,23,3,RT110,10K,RES0603,169.5200938,40.71675568,180,NO,,,,,,,,,,,,,,,,,,,,,comp
,23,4,RT107,10K,RES0603,175.864808,310.2757576,-90,NO,,,,,,,,,,,,,,,,,,,,,comp
,23,1,RT103,10K,RES0603,189.0840804,252.661216,-90,NO,,,,,,,,,,,,,,,,,,,,,comp
,23,3,RT101,10K,RES0603,189.7323457,319.9553454,0,NO,,,,,,,,,,,,,,,,,,,,,comp
,23,4,RT55,10K,RES0603,243.0844829,118.3555072,180,NO,,,,,,,,,,,,,,,,,,,,,comp
,23,1,RT54,10K,RES0603,242.84973,40.65327456,180,NO,,,,,,,,,,,,,,,,,,,,,comp
,23,3,RT40,10K,RES0603,262.1833827,347.6020716,-90,NO,,,,,,,,,,,,,,,,,,,,,comp
,23,4,RT36,10K,RES0603,274.1631934,287.7510512,-90,NO,,,,,,,,,,,,,,,,,,,,,comp
,23,1,RT31,10K,RES0603,279.7150022,274.6772688,-90,NO,,,,,,,,,,,,,,,,,,,,,comp
,23,3,RT13,10K,RES0603,315.3581129,118.2609435,180,NO,,,,,,,,,,,,,,,,,,,,,comp
,23,4,RT12,10K,RES0603,315.0809447,40.70961807,180,NO,,,,,,,,,,,,,,,,,,,,,comp
,23,1,RT5,10K,RES0603,336.1977576,157.6050753,-90,NO,,,,,,,,,,,,,,,,,,,,,comp
,23,3,RT119,10K,RES0603,162.6273753,255.8059414,180,NO,,,,,,,,,,,,,,,,,,,,,comp
,23,4,RT116,10K,RES0603,167.2461641,259.7778048,90,NO,,,,,,,,,,,,,,,,,,,,,comp
,23,1,RT146,10K,RES0603,129.6968666,240.7940754,0,NO,,,,,,,,,,,,,,,,,,,,,comp
,23,3,RT140,10K,RES0603,132.2035901,240.7911698,0,NO,,,,,,,,,,,,,,,,,,,,,comp
,23,4,RT149,10K,RES0603,123.9674759,240.0815136,180,NO,,,,,,,,,,,,,,,,,,,,,comp
,23,1,RT148,10K,RES0603,124.0197698,221.5661987,180,NO,,,,,,,,,,,,,,,,,,,,,comp
,24,1,RT7,10M,RES0603,331.3052422,362.2003984,-90,NO,,,,,,,,,,,,,,,,,,,,,comp
,3,1,CT125,10UF,CAP0603,134.9032814,206.1513522,90,NO,,,,,,,,,,,,,,,,,,,,,comp
,3,3,CT71,10UF,CAP0603,222.1895168,344.8437876,90,NO,,,,,,,,,,,,,,,,,,,,,comp
,3,4,CT60,10UF,CAP0603,235.2944897,363.7563282,90,NO,,,,,,,,,,,,,,,,,,,,,comp
,3,1,CT45,10UF,CAP0603,265.61048,275.3238926,-90,NO,,,,,,,,,,,,,,,,,,,,,comp
,3,3,CT39,10UF,CAP0603,268.8282927,282.220384,90,NO,,,,,,,,,,,,,,,,,,,,,comp
,25,1,RT42,130 Ohm,RES0603,256.6604358,269.9115626,-90,NO,,,,,,,,,,,,,,,,,,,,,comp
,25,3,RT47,130 Ohm,RES0603,251.5669646,269.9172847,90,NO,,,,,,,,,,,,,,,,,,,,,comp
,4,1,CT33,15PF,CAP0603,277.6075599,330.2760143,90,NO,,,,,,,,,,,,,,,,,,,,,comp
,4,3,CT32,15PF,CAP0603,277.57596,321.404154,-90,NO,,,,,,,,,,,,,,,,,,,,,comp
,26,1,RT56,174 Ohm,RES0603,242.326117,280.3572221,0,NO,,,,,,,,,,,,,,,,,,,,,comp
,26,3,RT57,174 Ohm,RES0603,242.2701597,270.5792152,180,NO,,,,,,,,,,,,,,,,,,,,,comp
,27,1,RT1,1K,RES0603,345.2932217,81.6145832,90,NO,,,,,,,,,,,,,,,,,,,,,comp
,27,3,RT2,1K,RES0603,345.3240229,90.20984413,90,NO,,,,,,,,,,,,,,,,,,,,,comp
,27,4,RT3,1K,RES0603,345.3856258,107.4005063,90,NO,,,,,,,,,,,,,,,,,,,,,comp
,5,1,CT165,1UF,CAP0603,109.7167114,337.4005913,180,NO,,,,,,,,,,,,,,,,,,,,,comp
,28,1,RT73,2.2K,RES0603,225.040202,301.745992,-90,NO,,,,,,,,,,,,,,,,,,,,,comp
,28,3,RT74,2.2K,RES0603,225.0487285,304.151063,-90,NO,,,,,,,,,,,,,,,,,,,,,comp
,6,1,CT95,22UF,CAP0805,184.9139863,330.9960661,-90,NO,,,,,,,,,,,,,,,,,,,,,comp
,9,1,CT82,22UF,CAP1206,211.2233922,179.1875912,180,NO,,,,,,,,,,,,,,,,,,,,,comp
,9,3,CT63,22UF,CAP1206,231.1939976,179.1629432,180,NO,,,,,,,,,,,,,,,,,,,,,comp
,29,1,RT157,24.9 Ohm,RES0603,100.968958,319.8568863,90,NO,,,,,,,,,,,,,,,,,,,,,comp
,29,3,RT156,24.9 Ohm,RES0603,100.9579012,316.7031422,90,NO,,,,,,,,,,,,,,,,,,,,,comp
,29,4,RT155,24.9 Ohm,RES0603,100.9469827,313.5888261,90,NO,,,,,,,,,,,,,,,,,,,,,comp
,29,1,RT154,24.9 Ohm,RES0603,100.9362024,310.5139378,90,NO,,,,,,,,,,,,,,,,,,,,,comp
,30,1,RT93,249 Ohm,RES0603,202.5298475,213.9460919,90,NO,,,,,,,,,,,,,,,,,,,,,comp
,30,3,RT71,249 Ohm,RES0603,226.8147763,221.5503357,90,NO,,,,,,,,,,,,,,,,,,,,,comp
,43,1,UT39,24AA025E48T-I/SN,SOIC8,113.3368329,361.864111,90,NO,,,,,,,,,,,,,,,,,,,,,comp
,31,1,RT51,4.7K,RES0603,248.3034517,358.7678698,-90,NO,,,,,,,,,,,,,,,,,,,,,comp
,10,1,CT49,4.7UF,CAP1206,246.3113972,41.43468655,180,NO,,,,,,,,,,,,,,,,,,,,,comp
,10,3,CT7,4.7UF,CAP1206,322.8675046,41.44778347,180,NO,,,,,,,,,,,,,,,,,,,,,comp
,10,4,CT26,4.7UF,CAP1206,288.0095476,198.4496804,180,NO,,,,,,,,,,,,,,,,,,,,,comp
,10,1,CT101,4.7UF,CAP1206,177.3038531,41.45478998,180,NO,,,,,,,,,,,,,,,,,,,,,comp
,10,3,CT100,4.7UF,CAP1206,173.2565646,119.5484727,180,NO,,,,,,,,,,,,,,,,,,,,,comp
,10,4,CT99,4.7UF,CAP1206,172.9811235,41.49809801,180,NO,,,,,,,,,,,,,,,,,,,,,comp
,10,1,CT52,4.7UF,CAP1206,250.8698461,119.0943815,180,NO,,,,,,,,,,,,,,,,,,,,,comp
,10,3,CT102,4.7UF,CAP1206,177.5794024,119.5055745,180,NO,,,,,,,,,,,,,,,,,,,,,comp
,10,4,CT23,4.7UF,CAP1206,292.3337018,198.4071906,180,NO,,,,,,,,,,,,,,,,,,,,,comp
,10,1,CT12,4.7UF,CAP1206,318.8204947,119.0427906,180,NO,,,,,,,,,,,,,,,,,,,,,comp
,10,3,CT11,4.7UF,CAP1206,318.5432403,41.49109924,180,NO,,,,,,,,,,,,,,,,,,,,,comp
,10,4,CT50,4.7UF,CAP1206,246.5462361,119.1372857,180,NO,,,,,,,,,,,,,,,,,,,,,comp
,10,1,CT51,4.7UF,CAP1206,250.6348999,41.39137431,180,NO,,,,,,,,,,,,,,,,,,,,,comp
,10,3,CT8,4.7UF,CAP1206,323.1448666,118.9998821,180,NO,,,,,,,,,,,,,,,,,,,,,comp
,32,1,RT77,4.99K,RES0603,225.1200159,324.2591769,-90,NO,,,,,,,,,,,,,,,,,,,,,comp
,32,3,RT78,4.99K,RES0603,225.1283751,326.6170928,-90,NO,,,,,,,,,,,,,,,,,,,,,comp
,32,4,RT79,4.99K,RES0603,225.1366299,328.9455188,-90,NO,,,,,,,,,,,,,,,,,,,,,comp
,32,1,RT80,4.99K,RES0603,225.1448846,331.2739482,-90,NO,,,,,,,,,,,,,,,,,,,,,comp
,32,3,RT92,4.99K,RES0603,206.1407602,115.9202549,90,NO,,,,,,,,,,,,,,,,,,,,,comp
,32,4,RT95,4.99K,RES0603,201.0997291,308.7523022,90,NO,,,,,,,,,,,,,,,,,,,,,comp
,32,1,RT138,4.99K,RES0603,132.8583874,116.3317086,90,NO,,,,,,,,,,,,,,,,,,,,,comp
,32,3,RT139,4.99K,RES0603,132.5839581,38.2853416,90,NO,,,,,,,,,,,,,,,,,,,,,comp
,32,4,RT76,4.99K,RES0603,225.1116291,321.8935032,-90,NO,,,,,,,,,,,,,,,,,,,,,comp
,32,1,RT81,4.99K,RES0603,225.1542621,333.9190482,-90,NO,,,,,,,,,,,,,,,,,,,,,comp
,32,3,RT75,4.99K,RES0603,225.103611,319.6318355,-90,NO,,,,,,,,,,,,,,,,,,,,,comp
,32,4,RT91,4.99K,RES0603,205.9069248,38.22164574,90,NO,,,,,,,,,,,,,,,,,,,,,comp
,32,1,RT33,4.99K,RES0603,278.4078166,115.8254808,90,NO,,,,,,,,,,,,,,,,,,,,,comp
,32,3,RT32,4.99K,RES0603,278.1315681,38.27777219,90,NO,,,,,,,,,,,,,,,,,,,,,comp
,32,4,RT52,4.99K,RES0603,247.5989388,195.2284147,90,NO,,,,,,,,,,,,,,,,,,,,,comp
,16,1,RT123,41.2 kOhm,RES0603,155.9355949,132.6212601,-90,NO,,,,,,,,,,,,,,,,,,,,,comp
,16,3,RT121,41.2 kOhm,RES0603,155.6605864,54.57189456,-90,NO,,,,,,,,,,,,,,,,,,,,,comp
,16,4,RT66,41.2 kOhm,RES0603,229.2224678,132.2112483,-90,NO,,,,,,,,,,,,,,,,,,,,,comp
,16,1,RT18,41.2 kOhm,RES0603,301.2171401,54.5672195,-90,NO,,,,,,,,,,,,,,,,,,,,,comp
,16,3,RT20,41.2 kOhm,RES0603,301.4939644,132.117908,-90,NO,,,,,,,,,,,,,,,,,,,,,comp
,16,4,RT38,41.2 kOhm,RES0603,270.6837655,211.5232746,-90,NO,,,,,,,,,,,,,,,,,,,,,comp
,16,1,RT64,41.2 kOhm,RES0603,228.9880581,54.5096545,-90,NO,,,,,,,,,,,,,,,,,,,,,comp
,11,1,CT64,47UF,CAP1206,228.4177111,192.6814797,-90,NO,,,,,,,,,,,,,,,,,,,,,comp
,11,3,CT68,47UF,CAP1206,227.6019796,211.2987649,-90,NO,,,,,,,,,,,,,,,,,,,,,comp
,11,4,CT77,47UF,CAP1206,214.38348,199.4871719,90,NO,,,,,,,,,,,,,,,,,,,,,comp
,11,1,CT80,47UF,CAP1206,213.8468478,222.360379,90,NO,,,,,,,,,,,,,,,,,,,,,comp
,33,1,RT158,499 Ohm,RES0603,100.3701186,336.9211133,-90,NO,,,,,,,,,,,,,,,,,,,,,comp
,33,3,RT159,499 Ohm,RES0603,100.4046694,346.7767026,-90,NO,,,,,,,,,,,,,,,,,,,,,comp
,36,1,QT4,BSS138K,SOT95P230X110-3N,173.9503266,257.9852446,180,NO,,,,,,,,,,,,,,,,,,,,,comp
,36,3,QT2,BSS138K,SOT95P230X110-3N,199.7198854,337.7306408,-90,NO,,,,,,,,,,,,,,,,,,,,,comp
,36,4,QT1,BSS138K,SOT95P230X110-3N,274.3960322,272.908899,0,NO,,,,,,,,,,,,,,,,,,,,,comp
,1,123,FIDT4,Fiducial,FIDUCIAL,97.2074,362.437,0,NO,,,,,,,,,,,,,,,,,,,,,
,1,123,FIDT2,Fiducial,FIDUCIAL,349.509,362.182,0,NO,,,,,,,,,,,,,,,,,,,,,
,1,123,FIDT1,Fiducial,FIDUCIAL,348.245,9.55547,0,NO,,,,,,,,,,,,,,,,,,,,,
,1,123,FIDT3,Fiducial,FIDUCIAL,96.0131,9.91894,0,NO,,,,,,,,,,,,,,,,,,,,,
,15,1,UT34,LTC2945HUD,QFN12,133.706478,95.16297347,-90,NO,,,,,,,,,,,,,,,,,,,,,comp
,15,3,UT33,LTC2945HUD,QFN12,133.4320292,17.11756438,-90,NO,,,,,,,,,,,,,,,,,,,,,comp
,15,4,UT23,LTC2945HUD,QFN12,203.8567419,204.5672894,0,NO,,,,,,,,,,,,,,,,,,,,,comp
,15,1,UT13,LTC2945HUD,QFN12,248.4465294,174.0557524,-90,NO,,,,,,,,,,,,,,,,,,,,,comp
,15,3,UT7,LTC2945HUD,QFN12,279.2552463,94.6529896,-90,NO,,,,,,,,,,,,,,,,,,,,,comp
,15,4,UT17,LTC2945HUD,QFN12,224.4161403,205.1458796,0,NO,,,,,,,,,,,,,,,,,,,,,comp
,15,1,UT2,LTC2945HUD,QFN12,318.2341479,218.1467249,0,NO,,,,,,,,,,,,,,,,,,,,,comp
,15,3,UT6,LTC2945HUD,QFN12,278.9789786,17.10623302,-90,NO,,,,,,,,,,,,,,,,,,,,,comp
,15,4,UT21,LTC2945HUD,QFN12,206.7546631,17.05197408,-90,NO,,,,,,,,,,,,,,,,,,,,,comp
,15,1,UT22,LTC2945HUD,QFN12,206.9885181,94.74963055,-90,NO,,,,,,,,,,,,,,,,,,,,,comp
,12,1,DT5,LTST-S270KGKT,LEDC1608X80N,280.0418503,251.1401505,180,NO,,,,,,,,,,,,,,,,,,,,,comp
,12,3,DT6,LTST-S270KGKT,LEDC1608X80N,276.437837,251.1442818,180,NO,,,,,,,,,,,,,,,,,,,,,comp
,12,4,DT8,LTST-S270KGKT,LEDC1608X80N,223.1130003,222.7374769,180,NO,,,,,,,,,,,,,,,,,,,,,comp
,12,1,DT11,LTST-S270KGKT,LEDC1608X80N,200.9645233,217.8355913,180,NO,,,,,,,,,,,,,,,,,,,,,comp
,12,3,DT4,LTST-S270KGKT,LEDC1608X80N,283.6460575,251.136019,180,NO,,,,,,,,,,,,,,,,,,,,,comp
,13,1,DT3,LTST-S270KRKT,LEDC1608X80N,287.2501342,251.1318877,180,NO,,,,,,,,,,,,,,,,,,,,,comp